id,title,company,location,region,description,salary_min,salary_max,salary_is_predicted,contract_type,contract_time,category,created,redirect_url,query,collected_at
synthetic-00000,Senior Data Analyst - Thistledown Public Sector,Thistledown Public Sector,London,London,"We are looking for a Senior Data Analyst to join our growing data team in London. <p>Key skills and experience:</p><ul><li>Power BI</li><li>Python</li><li>Forecasting</li><li>Snowflake</li><li>Statistical Analysis</li><li>SQL</li><li>Stakeholder Management</li><li>Tableau</li></ul> <p>We offer a competitive salary, hybrid working, and 25 days holiday.</p>",45500.0,53500.0,False,contract,full_time,IT Jobs,2026-06-24T13:40:55.821713+00:00,https://example-jobs.invalid/job/0,senior data analyst,2026-06-26T01:40:55.821713+00:00
synthetic-00001,Business Intelligence Analyst,Solstice Bank,"Remote, UK",Remote,"Exciting opportunity for a Business Intelligence Analyst to make an impact at a fast-growing company based in Remote, UK. <p>Key skills and experience:</p><ul><li>SQL</li><li>Data Modeling</li><li>Excel</li><li>Power BI</li></ul> <p>We offer a competitive salary, hybrid working, and 25 days holiday.</p>",,,False,contract,part_time,IT Jobs,2026-07-11T10:40:55.821713+00:00,https://example-jobs.invalid/job/1,business intelligence analyst,2026-07-11T16:40:55.821713+00:00
synthetic-00002,Head of Data - Ironbridge Manufacturing,Ironbridge Manufacturing,Leeds,Yorkshire and the Humber,Exciting opportunity for a Head of Data to make an impact at a fast-growing company based in Leeds. <p>Key skills and experience:</p><ul><li>Project Management</li><li>Stakeholder Management</li><li>SQL</li><li>Data Modeling</li></ul> Apply now via the link below to find out more &amp; join our team!,,,False,permanent,full_time,IT Jobs,2026-06-23T02:40:55.821713+00:00,https://example-jobs.invalid/job/2,head of data,2026-06-24T15:40:55.821713+00:00
synthetic-00003,Senior Data Engineer,Northbridge Data Co,Leeds,Yorkshire and the Humber,"We are looking for a Senior Data Engineer to join our growing data team in Leeds. You will bring the following: Python, ETL/ELT, Kafka, SQL, Spark, Docker, Airflow, AWS, Kubernetes. This role offers excellent progression opportunities within a supportive team.",,,False,permanent,full_time,IT Jobs,2026-06-21T11:40:55.821713+00:00,https://example-jobs.invalid/job/3,senior data engineer,2026-06-23T02:40:55.821713+00:00
synthetic-00004,Business Intelligence Analyst - Solstice Bank,Solstice Bank,Glasgow,Scotland,"Exciting opportunity for a Business Intelligence Analyst to make an impact at a fast-growing company based in Glasgow. <p>Key skills and experience:</p><ul><li>Power BI</li><li>Azure</li><li>Data Modeling</li><li>SQL</li><li>Excel</li></ul> <p>We offer a competitive salary, hybrid working, and 25 days holiday.</p>",46900.0,55100.0,False,contract,part_time,IT Jobs,2026-06-25T15:40:55.821713+00:00,https://example-jobs.invalid/job/4,business intelligence analyst,2026-06-26T12:40:55.821713+00:00
synthetic-00005,Business Intelligence Analyst - Solstice Bank,Solstice Bank,Edinburgh,Scotland,"Solstice Bank is hiring a Business Intelligence Analyst to help shape our data strategy. <p>Key skills and experience:</p><ul><li>SQL</li><li>Power BI</li><li>Data Modeling</li><li>Excel</li><li>Tableau</li></ul> <p>We offer a competitive salary, hybrid working, and 25 days holiday.</p>",,,False,permanent,full_time,IT Jobs,2026-07-23T21:40:55.821713+00:00,https://example-jobs.invalid/job/5,business intelligence analyst,2026-07-25T05:40:55.821713+00:00
synthetic-00006,Data Engineer,Ironbridge Manufacturing,Edinburgh,Scotland,"Exciting opportunity for a Data Engineer to make an impact at a fast-growing company based in Edinburgh. <p>Key skills and experience:</p><ul><li>Spark</li><li>dbt</li><li>Kubernetes</li><li>ETL/ELT</li><li>Airflow</li><li>Snowflake</li><li>Docker</li><li>SQL</li><li>Python</li><li>CI/CD</li><li>AWS</li><li>Kafka</li></ul> <p>We offer a competitive salary, hybrid working, and 25 days holiday.</p>",,,False,permanent,part_time,IT Jobs,2026-07-15T21:40:55.821713+00:00,https://example-jobs.invalid/job/6,data engineer,2026-07-16T09:40:55.821713+00:00
synthetic-00007,Analytics Engineer - Palmer & Vance Retail,Palmer & Vance Retail,"Remote, UK",Remote,"Exciting opportunity for a Analytics Engineer to make an impact at a fast-growing company based in Remote, UK. <p>Key skills and experience:</p><ul><li>Snowflake</li><li>BigQuery</li><li>Python</li><li>SQL</li><li>Data Modeling</li><li>dbt</li></ul> Apply now via the link below to find out more &amp; join our team!",,,False,permanent,full_time,IT Jobs,2026-07-13T06:40:55.821713+00:00,https://example-jobs.invalid/job/7,analytics engineer,2026-07-13T10:40:55.821713+00:00
synthetic-00008,Business Intelligence Analyst,Ironbridge Manufacturing,Manchester,North West England,"We are looking for a Business Intelligence Analyst to join our growing data team in Manchester. You will bring the following: SQL, Excel, Tableau, Power BI, Data Modeling. This role offers excellent progression opportunities within a supportive team.",,,False,contract,part_time,IT Jobs,2026-07-13T01:40:55.821713+00:00,https://example-jobs.invalid/job/8,business intelligence analyst,2026-07-14T20:40:55.821713+00:00
synthetic-00009,Senior Data Analyst - Palmer & Vance Retail,Palmer & Vance Retail,Bristol,South West England,We are looking for a Senior Data Analyst to join our growing data team in Bristol. <p>Key skills and experience:</p><ul><li>Power BI</li><li>Statistical Analysis</li><li>Stakeholder Management</li><li>Python</li><li>SQL</li><li>Tableau</li></ul> This role offers excellent progression opportunities within a supportive team.,52100.0,61200.0,False,permanent,part_time,IT Jobs,2026-07-28T12:40:55.821713+00:00,https://example-jobs.invalid/job/9,senior data analyst,2026-07-29T10:40:55.821713+00:00
synthetic-00010,Business Intelligence Analyst,Crestline Media,Bristol,South West England,"Exciting opportunity for a Business Intelligence Analyst to make an impact at a fast-growing company based in Bristol. <p>Key skills and experience:</p><ul><li>Excel</li><li>Power BI</li><li>SQL</li><li>Data Modeling</li><li>Azure</li></ul> <p>We offer a competitive salary, hybrid working, and 25 days holiday.</p>",,,False,permanent,full_time,IT Jobs,2026-07-10T00:40:55.821713+00:00,https://example-jobs.invalid/job/10,business intelligence analyst,2026-07-11T03:40:55.821713+00:00
synthetic-00011,Data Analyst - Thistledown Public Sector,Thistledown Public Sector,Glasgow,Scotland,"We are looking for a Data Analyst to join our growing data team in Glasgow. <p>Key skills and experience:</p><ul><li>Power BI</li><li>Tableau</li><li>SQL</li><li>Python</li><li>Statistical Analysis</li><li>Stakeholder Management</li><li>Excel</li></ul> <p>We offer a competitive salary, hybrid working, and 25 days holiday.</p>",,,False,permanent,full_time,IT Jobs,2026-07-27T23:40:55.821713+00:00,https://example-jobs.invalid/job/11,data analyst,2026-07-29T11:40:55.821713+00:00
synthetic-00012,Senior Data Engineer - Orbital Logistics,Orbital Logistics,Edinburgh,Scotland,"We are looking for a Senior Data Engineer to join our growing data team in Edinburgh. <p>Key skills and experience:</p><ul><li>ETL/ELT</li><li>AWS</li><li>SQL</li><li>Docker</li><li>Git</li><li>Kafka</li><li>Airflow</li><li>Databricks</li><li>Kubernetes</li><li>Spark</li><li>Python</li></ul> <p>We offer a competitive salary, hybrid working, and 25 days holiday.</p>",,,False,contract,full_time,IT Jobs,2026-06-24T14:40:55.821713+00:00,https://example-jobs.invalid/job/12,senior data engineer,2026-06-26T01:40:55.821713+00:00
synthetic-00013,Data Analyst,Marlow Digital,"Remote, UK",Remote,"Marlow Digital is hiring a Data Analyst to help shape our data strategy. You will bring the following: Python, Power BI, Tableau, Excel, SQL, Statistical Analysis. Apply now via the link below to find out more &amp; join our team!",36800.0,43200.0,False,permanent,part_time,IT Jobs,2026-06-26T06:40:55.821713+00:00,https://example-jobs.invalid/job/13,data analyst,2026-06-27T20:40:55.821713+00:00
synthetic-00014,Head of Data,Crestline Media,"Remote, UK",Remote,"We are looking for a Head of Data to join our growing data team in Remote, UK. You will bring the following: Stakeholder Management, Machine Learning, Data Modeling, Project Management, SQL, AWS. Apply now via the link below to find out more &amp; join our team!",80800.0,94800.0,False,permanent,full_time,IT Jobs,2026-07-28T13:40:55.821713+00:00,https://example-jobs.invalid/job/14,head of data,2026-07-29T19:40:55.821713+00:00
synthetic-00015,Analytics Engineer,Crestline Media,Bristol,South West England,"Crestline Media is hiring a Analytics Engineer to help shape our data strategy. You will bring the following: Snowflake, Airflow, BigQuery, Data Modeling, Python, dbt, SQL. This role offers excellent progression opportunities within a supportive team.",,,False,contract,full_time,IT Jobs,2026-06-20T21:40:55.821713+00:00,https://example-jobs.invalid/job/15,analytics engineer,2026-06-20T22:40:55.821713+00:00
synthetic-00016,Data Engineer - Northbridge Data Co,Northbridge Data Co,Leeds,Yorkshire and the Humber,Northbridge Data Co is hiring a Data Engineer to help shape our data strategy. <p>Key skills and experience:</p><ul><li>Spark</li><li>Python</li><li>ETL/ELT</li><li>Airflow</li><li>SQL</li><li>AWS</li><li>Docker</li></ul> This role offers excellent progression opportunities within a supportive team.,,,False,permanent,full_time,IT Jobs,2026-07-15T21:40:55.821713+00:00,https://example-jobs.invalid/job/16,data engineer,2026-07-17T05:40:55.821713+00:00
synthetic-00017,Machine Learning Engineer,Brightfield Analytics,Leeds,Yorkshire and the Humber,"Brightfield Analytics is hiring a Machine Learning Engineer to help shape our data strategy. You will bring the following: AWS, MLOps, Python, Git, Machine Learning, Docker. This role offers excellent progression opportunities within a supportive team.",55600.0,65300.0,False,contract,full_time,IT Jobs,2026-07-27T15:40:55.821713+00:00,https://example-jobs.invalid/job/17,machine learning engineer,2026-07-28T01:40:55.821713+00:00
synthetic-00018,Machine Learning Engineer - Brightfield Analytics,Brightfield Analytics,Edinburgh,Scotland,"Brightfield Analytics is hiring a Machine Learning Engineer to help shape our data strategy. You will bring the following: AWS, Docker, MLOps, Python, Kubernetes, TensorFlow, Machine Learning, Git. <p>We offer a competitive salary, hybrid working, and 25 days holiday.</p>",,,False,contract,part_time,IT Jobs,2026-07-21T00:40:55.821713+00:00,https://example-jobs.invalid/job/18,machine learning engineer,2026-07-21T02:40:55.821713+00:00
synthetic-00019,Senior Data Engineer,Kestrel Insurance Group,Leeds,Yorkshire and the Humber,"Exciting opportunity for a Senior Data Engineer to make an impact at a fast-growing company based in Leeds. <p>Key skills and experience:</p><ul><li>Spark</li><li>AWS</li><li>Docker</li><li>SQL</li><li>Airflow</li><li>Python</li><li>ETL/ELT</li><li>Kubernetes</li></ul> <p>We offer a competitive salary, hybrid working, and 25 days holiday.</p>",61400.0,72100.0,False,permanent,part_time,IT Jobs,2026-06-20T07:40:55.821713+00:00,https://example-jobs.invalid/job/19,senior data engineer,2026-06-21T09:40:55.821713+00:00
synthetic-00020,Senior Data Scientist - Orbital Logistics,Orbital Logistics,Reading,South East England,"Exciting opportunity for a Senior Data Scientist to make an impact at a fast-growing company based in Reading. You will bring the following: LLMs / GenAI, Machine Learning, Statistical Analysis, PyTorch, SQL, MLOps, NLP, Python, scikit-learn, Deep Learning. This role offers excellent progression opportunities within a supportive team.",80700.0,94700.0,False,contract,full_time,IT Jobs,2026-06-26T07:40:55.821713+00:00,https://example-jobs.invalid/job/20,senior data scientist,2026-06-27T00:40:55.821713+00:00
synthetic-00021,Analytics Engineer,Veridian Energy,Reading,South East England,"Veridian Energy is hiring a Analytics Engineer to help shape our data strategy. You will bring the following: Data Modeling, dbt, BigQuery, Python, SQL, Snowflake. This role offers excellent progression opportunities within a supportive team.",,,False,contract,part_time,IT Jobs,2026-06-30T04:40:55.821713+00:00,https://example-jobs.invalid/job/21,analytics engineer,2026-07-01T23:40:55.821713+00:00
synthetic-00022,Analytics Engineer,Palmer & Vance Retail,Edinburgh,Scotland,"Exciting opportunity for a Analytics Engineer to make an impact at a fast-growing company based in Edinburgh. You will bring the following: BigQuery, Git, dbt, Python, SQL, Airflow, Snowflake, Data Modeling. This role offers excellent progression opportunities within a supportive team.",,,False,contract,full_time,IT Jobs,2026-07-02T23:40:55.821713+00:00,https://example-jobs.invalid/job/22,analytics engineer,2026-07-04T04:40:55.821713+00:00
synthetic-00023,Senior Data Analyst,Crestline Media,Leeds,Yorkshire and the Humber,"Exciting opportunity for a Senior Data Analyst to make an impact at a fast-growing company based in Leeds. You will bring the following: Forecasting, Tableau, Power BI, SQL, Stakeholder Management, Snowflake, Python, Statistical Analysis. <p>We offer a competitive salary, hybrid working, and 25 days holiday.</p>",49700.0,58300.0,False,contract,part_time,IT Jobs,2026-06-21T19:40:55.821713+00:00,https://example-jobs.invalid/job/23,senior data analyst,2026-06-22T08:40:55.821713+00:00
synthetic-00024,Machine Learning Engineer,Kestrel Insurance Group,Bristol,South West England,"Exciting opportunity for a Machine Learning Engineer to make an impact at a fast-growing company based in Bristol. You will bring the following: Git, Docker, MLOps, Machine Learning, CI/CD, Kubernetes, TensorFlow, AWS, Python, LLMs / GenAI, PyTorch. This role offers excellent progression opportunities within a supportive team.",,,False,contract,part_time,IT Jobs,2026-07-04T20:40:55.821713+00:00,https://example-jobs.invalid/job/24,machine learning engineer,2026-07-06T01:40:55.821713+00:00
synthetic-00025,Data Scientist - Coppergate Fintech,Coppergate Fintech,Bristol,South West England,We are looking for a Data Scientist to join our growing data team in Bristol. <p>Key skills and experience:</p><ul><li>scikit-learn</li><li>A/B Testing</li><li>TensorFlow</li><li>Python</li><li>Statistical Analysis</li><li>SQL</li><li>Machine Learning</li></ul> Apply now via the link below to find out more &amp; join our team!,,,False,permanent,full_time,IT Jobs,2026-07-27T09:40:55.821713+00:00,https://example-jobs.invalid/job/25,data scientist,2026-07-27T19:40:55.821713+00:00
synthetic-00026,Senior Data Analyst,Orbital Logistics,Glasgow,Scotland,"Orbital Logistics is hiring a Senior Data Analyst to help shape our data strategy. <p>Key skills and experience:</p><ul><li>Stakeholder Management</li><li>dbt</li><li>Tableau</li><li>Statistical Analysis</li><li>Power BI</li><li>Python</li><li>SQL</li><li>Forecasting</li></ul> <p>We offer a competitive salary, hybrid working, and 25 days holiday.</p>",,,False,permanent,part_time,IT Jobs,2026-07-13T01:40:55.821713+00:00,https://example-jobs.invalid/job/26,senior data analyst,2026-07-14T04:40:55.821713+00:00
synthetic-00027,Senior Data Engineer,Orbital Logistics,Leeds,Yorkshire and the Humber,"We are looking for a Senior Data Engineer to join our growing data team in Leeds. You will bring the following: Kafka, Airflow, Databricks, Python, Docker, AWS, SQL, ETL/ELT, Spark, Kubernetes, CI/CD. <p>We offer a competitive salary, hybrid working, and 25 days holiday.</p>",,,False,permanent,part_time,IT Jobs,2026-07-21T12:40:55.821713+00:00,https://example-jobs.invalid/job/27,senior data engineer,2026-07-22T05:40:55.821713+00:00
synthetic-00028,Senior Data Scientist,Ironbridge Manufacturing,Birmingham,West Midlands,Ironbridge Manufacturing is hiring a Senior Data Scientist to help shape our data strategy. <p>Key skills and experience:</p><ul><li>Deep Learning</li><li>SQL</li><li>MLOps</li><li>LLMs / GenAI</li><li>scikit-learn</li><li>Statistical Analysis</li><li>Python</li><li>PyTorch</li><li>Machine Learning</li></ul> This role offers excellent progression opportunities within a supportive team.,76000.0,89300.0,False,permanent,full_time,IT Jobs,2026-07-31T06:40:55.821713+00:00,https://example-jobs.invalid/job/28,senior data scientist,2026-07-31T19:40:55.821713+00:00
synthetic-00029,Data Engineer,Veridian Energy,Cambridge,East of England,"Veridian Energy is hiring a Data Engineer to help shape our data strategy. You will bring the following: ETL/ELT, Python, Docker, Airflow, Spark, SQL, AWS. This role offers excellent progression opportunities within a supportive team.",,,False,contract,part_time,IT Jobs,2026-07-22T04:40:55.821713+00:00,https://example-jobs.invalid/job/29,data engineer,2026-07-22T11:40:55.821713+00:00
synthetic-00030,Machine Learning Engineer,Northbridge Data Co,Bristol,South West England,"We are looking for a Machine Learning Engineer to join our growing data team in Bristol. You will bring the following: Git, Kubernetes, TensorFlow, PyTorch, AWS, MLOps, Docker, Python, Machine Learning, LLMs / GenAI. Apply now via the link below to find out more &amp; join our team!",51300.0,60200.0,False,contract,full_time,IT Jobs,2026-07-08T17:40:55.821713+00:00,https://example-jobs.invalid/job/30,machine learning engineer,2026-07-09T23:40:55.821713+00:00
synthetic-00031,Analytics Engineer - Hawksmoor Consulting,Hawksmoor Consulting,Leeds,Yorkshire and the Humber,"Exciting opportunity for a Analytics Engineer to make an impact at a fast-growing company based in Leeds. You will bring the following: Snowflake, Data Modeling, Airflow, Python, SQL, dbt, Git, BigQuery. This role offers excellent progression opportunities within a supportive team.",65500.0,76900.0,False,permanent,part_time,IT Jobs,2026-07-30T22:40:55.821713+00:00,https://example-jobs.invalid/job/31,analytics engineer,2026-07-31T19:40:55.821713+00:00
synthetic-00032,Data Scientist,Solstice Bank,Birmingham,West Midlands,"Solstice Bank is hiring a Data Scientist to help shape our data strategy. You will bring the following: Python, scikit-learn, SQL, NLP, TensorFlow, Deep Learning, A/B Testing, Statistical Analysis, Machine Learning. Apply now via the link below to find out more &amp; join our team!",,,False,permanent,part_time,IT Jobs,2026-07-27T04:40:55.821713+00:00,https://example-jobs.invalid/job/32,data scientist,2026-07-27T19:40:55.821713+00:00
synthetic-00033,Head of Data - Marlow Digital,Marlow Digital,Birmingham,West Midlands,"We are looking for a Head of Data to join our growing data team in Birmingham. <p>Key skills and experience:</p><ul><li>Stakeholder Management</li><li>Machine Learning</li><li>Project Management</li><li>Agile</li><li>Data Modeling</li><li>SQL</li></ul> <p>We offer a competitive salary, hybrid working, and 25 days holiday.</p>",111900.0,131400.0,False,contract,part_time,IT Jobs,2026-06-27T15:40:55.821713+00:00,https://example-jobs.invalid/job/33,head of data,2026-06-28T03:40:55.821713+00:00
synthetic-00034,Head of Data,Hawksmoor Consulting,Reading,South East England,"We are looking for a Head of Data to join our growing data team in Reading. You will bring the following: Data Modeling, AWS, Stakeholder Management, Agile, Project Management, SQL. <p>We offer a competitive salary, hybrid working, and 25 days holiday.</p>",83400.0,97900.0,False,permanent,part_time,IT Jobs,2026-07-28T20:40:55.821713+00:00,https://example-jobs.invalid/job/34,head of data,2026-07-29T15:40:55.821713+00:00
synthetic-00035,Senior Data Analyst,Hawksmoor Consulting,London,London,"We are looking for a Senior Data Analyst to join our growing data team in London. <p>Key skills and experience:</p><ul><li>Power BI</li><li>Statistical Analysis</li><li>Stakeholder Management</li><li>dbt</li><li>SQL</li><li>Python</li><li>Tableau</li><li>Forecasting</li></ul> <p>We offer a competitive salary, hybrid working, and 25 days holiday.</p>",,,False,contract,full_time,IT Jobs,2026-07-29T09:40:55.821713+00:00,https://example-jobs.invalid/job/35,senior data analyst,2026-07-29T19:40:55.821713+00:00
synthetic-00036,Senior Data Engineer,Crestline Media,Manchester,North West England,"We are looking for a Senior Data Engineer to join our growing data team in Manchester. You will bring the following: SQL, Airflow, CI/CD, Python, Docker, Databricks, Spark, Kubernetes, AWS, Git, ETL/ELT. Apply now via the link below to find out more &amp; join our team!",,,False,permanent,full_time,IT Jobs,2026-07-22T06:40:55.821713+00:00,https://example-jobs.invalid/job/36,senior data engineer,2026-07-22T18:40:55.821713+00:00
synthetic-00037,Machine Learning Engineer - Thistledown Public Sector,Thistledown Public Sector,Cambridge,East of England,"Exciting opportunity for a Machine Learning Engineer to make an impact at a fast-growing company based in Cambridge. <p>Key skills and experience:</p><ul><li>TensorFlow</li><li>CI/CD</li><li>AWS</li><li>Docker</li><li>Machine Learning</li><li>Git</li><li>Python</li><li>Kubernetes</li><li>LLMs / GenAI</li><li>MLOps</li></ul> <p>We offer a competitive salary, hybrid working, and 25 days holiday.</p>",,,False,contract,part_time,IT Jobs,2026-07-15T09:40:55.821713+00:00,https://example-jobs.invalid/job/37,machine learning engineer,2026-07-15T14:40:55.821713+00:00
synthetic-00038,Business Intelligence Analyst - Marlow Digital,Marlow Digital,Manchester,North West England,Marlow Digital is hiring a Business Intelligence Analyst to help shape our data strategy. <p>Key skills and experience:</p><ul><li>Qlik</li><li>SQL</li><li>Power BI</li><li>Data Modeling</li><li>Azure</li><li>Excel</li></ul> Apply now via the link below to find out more &amp; join our team!,,,False,permanent,part_time,IT Jobs,2026-06-24T05:40:55.821713+00:00,https://example-jobs.invalid/job/38,business intelligence analyst,2026-06-24T07:40:55.821713+00:00
synthetic-00039,Head of Data,Ironbridge Manufacturing,London,London,Ironbridge Manufacturing is hiring a Head of Data to help shape our data strategy. <p>Key skills and experience:</p><ul><li>SQL</li><li>Stakeholder Management</li><li>Project Management</li><li>Data Modeling</li><li>Machine Learning</li></ul> Apply now via the link below to find out more &amp; join our team!,,,False,permanent,full_time,IT Jobs,2026-07-02T02:40:55.821713+00:00,https://example-jobs.invalid/job/39,head of data,2026-07-03T05:40:55.821713+00:00
synthetic-00040,Senior Data Scientist - Thistledown Public Sector,Thistledown Public Sector,Glasgow,Scotland,"Exciting opportunity for a Senior Data Scientist to make an impact at a fast-growing company based in Glasgow. You will bring the following: LLMs / GenAI, Statistical Analysis, Machine Learning, scikit-learn, Deep Learning, MLOps, SQL, Python, PyTorch. <p>We offer a competitive salary, hybrid working, and 25 days holiday.</p>",,,False,contract,part_time,IT Jobs,2026-06-27T23:40:55.821713+00:00,https://example-jobs.invalid/job/40,senior data scientist,2026-06-29T02:40:55.821713+00:00
synthetic-00041,Business Intelligence Analyst,Palmer & Vance Retail,London,London,"Palmer & Vance Retail is hiring a Business Intelligence Analyst to help shape our data strategy. You will bring the following: Power BI, Tableau, SQL, Azure, Data Modeling, Excel. <p>We offer a competitive salary, hybrid working, and 25 days holiday.</p>",,,False,permanent,full_time,IT Jobs,2026-07-12T20:40:55.821713+00:00,https://example-jobs.invalid/job/41,business intelligence analyst,2026-07-12T21:40:55.821713+00:00
synthetic-00042,Senior Data Analyst,Northbridge Data Co,Cambridge,East of England,Exciting opportunity for a Senior Data Analyst to make an impact at a fast-growing company based in Cambridge. <p>Key skills and experience:</p><ul><li>SQL</li><li>Power BI</li><li>Python</li><li>dbt</li><li>Statistical Analysis</li><li>Tableau</li><li>Stakeholder Management</li></ul> This role offers excellent progression opportunities within a supportive team.,42000.0,49300.0,False,permanent,full_time,IT Jobs,2026-07-19T18:40:55.821713+00:00,https://example-jobs.invalid/job/42,senior data analyst,2026-07-21T03:40:55.821713+00:00
synthetic-00043,Data Scientist - Ferngate Health,Ferngate Health,Glasgow,Scotland,"Exciting opportunity for a Data Scientist to make an impact at a fast-growing company based in Glasgow. You will bring the following: Python, A/B Testing, Machine Learning, TensorFlow, Deep Learning, scikit-learn, Statistical Analysis, SQL, NLP. <p>We offer a competitive salary, hybrid working, and 25 days holiday.</p>",,,False,contract,full_time,IT Jobs,2026-07-16T19:40:55.821713+00:00,https://example-jobs.invalid/job/43,data scientist,2026-07-17T20:40:55.821713+00:00
synthetic-00044,Senior Data Scientist,Thistledown Public Sector,Cambridge,East of England,"We are looking for a Senior Data Scientist to join our growing data team in Cambridge. You will bring the following: SQL, MLOps, NLP, Deep Learning, Statistical Analysis, scikit-learn, Machine Learning, Python, LLMs / GenAI. Apply now via the link below to find out more &amp; join our team!",60600.0,71100.0,False,permanent,part_time,IT Jobs,2026-07-23T00:40:55.821713+00:00,https://example-jobs.invalid/job/44,senior data scientist,2026-07-24T18:40:55.821713+00:00
synthetic-00045,Data Scientist,Hawksmoor Consulting,Birmingham,West Midlands,"We are looking for a Data Scientist to join our growing data team in Birmingham. You will bring the following: Machine Learning, scikit-learn, SQL, Python, Statistical Analysis, NLP, A/B Testing, Deep Learning. Apply now via the link below to find out more &amp; join our team!",,,False,permanent,part_time,IT Jobs,2026-07-27T00:40:55.821713+00:00,https://example-jobs.invalid/job/45,data scientist,2026-07-27T07:40:55.821713+00:00
synthetic-00046,Data Engineer - Willowmere Telecom,Willowmere Telecom,Leeds,Yorkshire and the Humber,Exciting opportunity for a Data Engineer to make an impact at a fast-growing company based in Leeds. <p>Key skills and experience:</p><ul><li>AWS</li><li>Spark</li><li>SQL</li><li>Docker</li><li>ETL/ELT</li><li>Airflow</li><li>Python</li></ul> This role offers excellent progression opportunities within a supportive team.,49800.0,58500.0,False,contract,full_time,IT Jobs,2026-07-21T08:40:55.821713+00:00,https://example-jobs.invalid/job/46,data engineer,2026-07-21T20:40:55.821713+00:00
synthetic-00047,Business Intelligence Analyst,Kestrel Insurance Group,"Remote, UK",Remote,"Exciting opportunity for a Business Intelligence Analyst to make an impact at a fast-growing company based in Remote, UK. You will bring the following: Qlik, SQL, Power BI, Data Modeling, Excel. This role offers excellent progression opportunities within a supportive team.",39100.0,45900.0,False,contract,part_time,IT Jobs,2026-07-27T23:40:55.821713+00:00,https://example-jobs.invalid/job/47,business intelligence analyst,2026-07-28T22:40:55.821713+00:00
synthetic-00048,Data Scientist - Coppergate Fintech,Coppergate Fintech,Cambridge,East of England,Coppergate Fintech is hiring a Data Scientist to help shape our data strategy. <p>Key skills and experience:</p><ul><li>scikit-learn</li><li>SQL</li><li>NLP</li><li>Machine Learning</li><li>Python</li><li>Statistical Analysis</li><li>TensorFlow</li></ul> This role offers excellent progression opportunities within a supportive team.,49000.0,57500.0,False,permanent,part_time,IT Jobs,2026-06-20T01:40:55.821713+00:00,https://example-jobs.invalid/job/48,data scientist,2026-06-20T19:40:55.821713+00:00
synthetic-00049,Data Scientist,Hawksmoor Consulting,Bristol,South West England,"Hawksmoor Consulting is hiring a Data Scientist to help shape our data strategy. You will bring the following: Statistical Analysis, Python, NLP, A/B Testing, SQL, scikit-learn, Machine Learning. Apply now via the link below to find out more &amp; join our team!",,,False,permanent,part_time,IT Jobs,2026-07-29T19:40:55.821713+00:00,https://example-jobs.invalid/job/49,data scientist,2026-07-30T19:40:55.821713+00:00
synthetic-00050,Senior Data Scientist,Kestrel Insurance Group,Glasgow,Scotland,"Exciting opportunity for a Senior Data Scientist to make an impact at a fast-growing company based in Glasgow. You will bring the following: SQL, Machine Learning, Python, Statistical Analysis, Deep Learning, scikit-learn, PyTorch. Apply now via the link below to find out more &amp; join our team!",,,False,permanent,full_time,IT Jobs,2026-07-11T10:40:55.821713+00:00,https://example-jobs.invalid/job/50,senior data scientist,2026-07-12T16:40:55.821713+00:00
synthetic-00051,Machine Learning Engineer,Ferngate Health,Reading,South East England,Exciting opportunity for a Machine Learning Engineer to make an impact at a fast-growing company based in Reading. <p>Key skills and experience:</p><ul><li>Machine Learning</li><li>MLOps</li><li>Git</li><li>Docker</li><li>Python</li><li>AWS</li></ul> This role offers excellent progression opportunities within a supportive team.,,,False,permanent,full_time,IT Jobs,2026-06-25T01:40:55.821713+00:00,https://example-jobs.invalid/job/51,machine learning engineer,2026-06-26T18:40:55.821713+00:00
synthetic-00052,Business Intelligence Analyst - Hawksmoor Consulting,Hawksmoor Consulting,London,London,"Hawksmoor Consulting is hiring a Business Intelligence Analyst to help shape our data strategy. <p>Key skills and experience:</p><ul><li>Azure</li><li>Power BI</li><li>Excel</li><li>Data Modeling</li><li>SQL</li><li>Tableau</li></ul> <p>We offer a competitive salary, hybrid working, and 25 days holiday.</p>",34800.0,40900.0,False,permanent,full_time,IT Jobs,2026-07-30T04:40:55.821713+00:00,https://example-jobs.invalid/job/52,business intelligence analyst,2026-07-31T12:40:55.821713+00:00
synthetic-00053,Machine Learning Engineer,Ferngate Health,Cambridge,East of England,"We are looking for a Machine Learning Engineer to join our growing data team in Cambridge. You will bring the following: Git, MLOps, AWS, TensorFlow, Kubernetes, Python, Docker, LLMs / GenAI, CI/CD, Machine Learning, PyTorch. <p>We offer a competitive salary, hybrid working, and 25 days holiday.</p>",,,False,contract,part_time,IT Jobs,2026-07-08T20:40:55.821713+00:00,https://example-jobs.invalid/job/53,machine learning engineer,2026-07-10T14:40:55.821713+00:00
synthetic-00054,Senior Data Engineer,Coppergate Fintech,Manchester,North West England,"We are looking for a Senior Data Engineer to join our growing data team in Manchester. You will bring the following: Airflow, ETL/ELT, Docker, AWS, SQL, Spark, Kubernetes, Kafka, Python, CI/CD, Git. This role offers excellent progression opportunities within a supportive team.",76700.0,90000.0,False,permanent,part_time,IT Jobs,2026-07-19T06:40:55.821713+00:00,https://example-jobs.invalid/job/54,senior data engineer,2026-07-20T04:40:55.821713+00:00
synthetic-00055,Data Engineer,Crestline Media,Edinburgh,Scotland,Exciting opportunity for a Data Engineer to make an impact at a fast-growing company based in Edinburgh. <p>Key skills and experience:</p><ul><li>AWS</li><li>Spark</li><li>ETL/ELT</li><li>Docker</li><li>SQL</li><li>Kubernetes</li><li>Kafka</li><li>Airflow</li><li>Python</li></ul> This role offers excellent progression opportunities within a supportive team.,45300.0,53100.0,False,contract,full_time,IT Jobs,2026-07-24T14:40:55.821713+00:00,https://example-jobs.invalid/job/55,data engineer,2026-07-24T19:40:55.821713+00:00
synthetic-00056,Business Intelligence Analyst,Palmer & Vance Retail,Reading,South East England,"We are looking for a Business Intelligence Analyst to join our growing data team in Reading. You will bring the following: Data Modeling, SQL, Power BI, Excel. Apply now via the link below to find out more &amp; join our team!",34800.0,40900.0,False,permanent,full_time,IT Jobs,2026-07-25T22:40:55.821713+00:00,https://example-jobs.invalid/job/56,business intelligence analyst,2026-07-27T20:40:55.821713+00:00
synthetic-00057,Senior Data Scientist,Kestrel Insurance Group,"Remote, UK",Remote,"Exciting opportunity for a Senior Data Scientist to make an impact at a fast-growing company based in Remote, UK. You will bring the following: Python, SQL, Statistical Analysis, scikit-learn, Deep Learning, Machine Learning. Apply now via the link below to find out more &amp; join our team!",66000.0,77500.0,False,permanent,part_time,IT Jobs,2026-07-24T17:40:55.821713+00:00,https://example-jobs.invalid/job/57,senior data scientist,2026-07-26T11:40:55.821713+00:00
synthetic-00058,Business Intelligence Analyst,Orbital Logistics,Bristol,South West England,"Orbital Logistics is hiring a Business Intelligence Analyst to help shape our data strategy. <p>Key skills and experience:</p><ul><li>Qlik</li><li>Azure</li><li>Power BI</li><li>Excel</li><li>SQL</li><li>Data Modeling</li></ul> <p>We offer a competitive salary, hybrid working, and 25 days holiday.</p>",,,False,permanent,part_time,IT Jobs,2026-07-02T11:40:55.821713+00:00,https://example-jobs.invalid/job/58,business intelligence analyst,2026-07-02T17:40:55.821713+00:00
synthetic-00059,Senior Data Analyst,Ironbridge Manufacturing,Birmingham,West Midlands,Exciting opportunity for a Senior Data Analyst to make an impact at a fast-growing company based in Birmingham. <p>Key skills and experience:</p><ul><li>Python</li><li>Forecasting</li><li>Power BI</li><li>Tableau</li><li>Stakeholder Management</li><li>Statistical Analysis</li><li>SQL</li></ul> This role offers excellent progression opportunities within a supportive team.,,,False,contract,part_time,IT Jobs,2026-07-04T14:40:55.821713+00:00,https://example-jobs.invalid/job/59,senior data analyst,2026-07-04T18:40:55.821713+00:00
synthetic-00060,Senior Data Analyst,Crestline Media,"Remote, UK",Remote,"We are looking for a Senior Data Analyst to join our growing data team in Remote, UK. You will bring the following: Snowflake, Tableau, Statistical Analysis, SQL, Python, Power BI, Stakeholder Management. This role offers excellent progression opportunities within a supportive team.",47000.0,55200.0,False,permanent,part_time,IT Jobs,2026-07-04T20:40:55.821713+00:00,https://example-jobs.invalid/job/60,senior data analyst,2026-07-06T12:40:55.821713+00:00
synthetic-00061,Data Analyst,Solstice Bank,Edinburgh,Scotland,"Solstice Bank is hiring a Data Analyst to help shape our data strategy. You will bring the following: Statistical Analysis, Power BI, Stakeholder Management, Python, A/B Testing, Excel, SQL. <p>We offer a competitive salary, hybrid working, and 25 days holiday.</p>",40200.0,47200.0,False,contract,full_time,IT Jobs,2026-06-29T07:40:55.821713+00:00,https://example-jobs.invalid/job/61,data analyst,2026-06-30T08:40:55.821713+00:00
synthetic-00062,Senior Data Scientist - Thistledown Public Sector,Thistledown Public Sector,Leeds,Yorkshire and the Humber,Thistledown Public Sector is hiring a Senior Data Scientist to help shape our data strategy. <p>Key skills and experience:</p><ul><li>SQL</li><li>MLOps</li><li>NLP</li><li>Statistical Analysis</li><li>Python</li><li>scikit-learn</li><li>Machine Learning</li><li>Deep Learning</li></ul> This role offers excellent progression opportunities within a supportive team.,61100.0,71700.0,False,contract,full_time,IT Jobs,2026-07-15T07:40:55.821713+00:00,https://example-jobs.invalid/job/62,senior data scientist,2026-07-16T16:40:55.821713+00:00
synthetic-00063,Data Scientist,Marlow Digital,"Remote, UK",Remote,"Exciting opportunity for a Data Scientist to make an impact at a fast-growing company based in Remote, UK. <p>Key skills and experience:</p><ul><li>TensorFlow</li><li>A/B Testing</li><li>Statistical Analysis</li><li>scikit-learn</li><li>Deep Learning</li><li>SQL</li><li>Machine Learning</li><li>NLP</li><li>Python</li></ul> Apply now via the link below to find out more &amp; join our team!",,,False,permanent,part_time,IT Jobs,2026-07-21T09:40:55.821713+00:00,https://example-jobs.invalid/job/63,data scientist,2026-07-22T10:40:55.821713+00:00
synthetic-00064,Senior Data Analyst,Coppergate Fintech,Glasgow,Scotland,Coppergate Fintech is hiring a Senior Data Analyst to help shape our data strategy. <p>Key skills and experience:</p><ul><li>Tableau</li><li>Python</li><li>Statistical Analysis</li><li>Stakeholder Management</li><li>SQL</li><li>Power BI</li></ul> Apply now via the link below to find out more &amp; join our team!,,,False,contract,full_time,IT Jobs,2026-07-06T04:40:55.821713+00:00,https://example-jobs.invalid/job/64,senior data analyst,2026-07-06T12:40:55.821713+00:00
synthetic-00065,Head of Data - Coppergate Fintech,Coppergate Fintech,Cambridge,East of England,Coppergate Fintech is hiring a Head of Data to help shape our data strategy. <p>Key skills and experience:</p><ul><li>Machine Learning</li><li>AWS</li><li>SQL</li><li>Data Modeling</li><li>Project Management</li><li>Stakeholder Management</li></ul> Apply now via the link below to find out more &amp; join our team!,,,False,permanent,full_time,IT Jobs,2026-07-18T03:40:55.821713+00:00,https://example-jobs.invalid/job/65,head of data,2026-07-18T14:40:55.821713+00:00
synthetic-00066,Senior Data Scientist,Thistledown Public Sector,Birmingham,West Midlands,Thistledown Public Sector is hiring a Senior Data Scientist to help shape our data strategy. <p>Key skills and experience:</p><ul><li>SQL</li><li>scikit-learn</li><li>PyTorch</li><li>Statistical Analysis</li><li>Deep Learning</li><li>Machine Learning</li><li>Python</li></ul> This role offers excellent progression opportunities within a supportive team.,70300.0,82600.0,False,contract,part_time,IT Jobs,2026-06-25T19:40:55.821713+00:00,https://example-jobs.invalid/job/66,senior data scientist,2026-06-27T00:40:55.821713+00:00
synthetic-00067,Data Engineer,Northbridge Data Co,Cambridge,East of England,We are looking for a Data Engineer to join our growing data team in Cambridge. <p>Key skills and experience:</p><ul><li>ETL/ELT</li><li>dbt</li><li>SQL</li><li>Spark</li><li>Airflow</li><li>Snowflake</li><li>AWS</li><li>Docker</li><li>Python</li><li>Kubernetes</li></ul> Apply now via the link below to find out more &amp; join our team!,57800.0,67800.0,False,contract,full_time,IT Jobs,2026-07-26T18:40:55.821713+00:00,https://example-jobs.invalid/job/67,data engineer,2026-07-28T09:40:55.821713+00:00
synthetic-00068,Business Intelligence Analyst - Veridian Energy,Veridian Energy,"Remote, UK",Remote,"We are looking for a Business Intelligence Analyst to join our growing data team in Remote, UK. <p>Key skills and experience:</p><ul><li>Power BI</li><li>SQL</li><li>Excel</li><li>Data Modeling</li><li>Qlik</li></ul> Apply now via the link below to find out more &amp; join our team!",,,False,permanent,part_time,IT Jobs,2026-07-26T21:40:55.821713+00:00,https://example-jobs.invalid/job/68,business intelligence analyst,2026-07-28T15:40:55.821713+00:00
synthetic-00069,Business Intelligence Analyst,Crestline Media,Reading,South East England,"Exciting opportunity for a Business Intelligence Analyst to make an impact at a fast-growing company based in Reading. You will bring the following: SQL, Data Modeling, Power BI, Qlik, Excel. <p>We offer a competitive salary, hybrid working, and 25 days holiday.</p>",,,False,contract,part_time,IT Jobs,2026-06-21T03:40:55.821713+00:00,https://example-jobs.invalid/job/69,business intelligence analyst,2026-06-21T08:40:55.821713+00:00
synthetic-00070,Data Scientist,Coppergate Fintech,"Remote, UK",Remote,"Coppergate Fintech is hiring a Data Scientist to help shape our data strategy. You will bring the following: A/B Testing, SQL, Statistical Analysis, Machine Learning, scikit-learn, Python. Apply now via the link below to find out more &amp; join our team!",39800.0,46700.0,False,contract,full_time,IT Jobs,2026-07-27T04:40:55.821713+00:00,https://example-jobs.invalid/job/70,data scientist,2026-07-28T16:40:55.821713+00:00
synthetic-00071,Analytics Engineer,Veridian Energy,Manchester,North West England,"We are looking for a Analytics Engineer to join our growing data team in Manchester. You will bring the following: Snowflake, SQL, Data Modeling, BigQuery, Airflow, dbt, Python, Git. <p>We offer a competitive salary, hybrid working, and 25 days holiday.</p>",56500.0,66300.0,False,permanent,part_time,IT Jobs,2026-07-25T21:40:55.821713+00:00,https://example-jobs.invalid/job/71,analytics engineer,2026-07-27T08:40:55.821713+00:00
synthetic-00072,Head of Data,Hawksmoor Consulting,Edinburgh,Scotland,We are looking for a Head of Data to join our growing data team in Edinburgh. <p>Key skills and experience:</p><ul><li>Stakeholder Management</li><li>Data Modeling</li><li>SQL</li><li>Project Management</li><li>AWS</li><li>Agile</li><li>Machine Learning</li></ul> This role offers excellent progression opportunities within a supportive team.,,,False,contract,full_time,IT Jobs,2026-07-03T18:40:55.821713+00:00,https://example-jobs.invalid/job/72,head of data,2026-07-04T13:40:55.821713+00:00
synthetic-00073,Analytics Engineer,Solstice Bank,Bristol,South West England,Solstice Bank is hiring a Analytics Engineer to help shape our data strategy. <p>Key skills and experience:</p><ul><li>dbt</li><li>Airflow</li><li>SQL</li><li>Data Modeling</li><li>Snowflake</li><li>Python</li><li>BigQuery</li><li>Git</li></ul> Apply now via the link below to find out more &amp; join our team!,45600.0,53600.0,False,permanent,part_time,IT Jobs,2026-07-02T02:40:55.821713+00:00,https://example-jobs.invalid/job/73,analytics engineer,2026-07-03T14:40:55.821713+00:00
synthetic-00074,Senior Data Analyst - Solstice Bank,Solstice Bank,Edinburgh,Scotland,"Exciting opportunity for a Senior Data Analyst to make an impact at a fast-growing company based in Edinburgh. You will bring the following: Statistical Analysis, Stakeholder Management, dbt, SQL, Tableau, Snowflake, Forecasting, Power BI, Python. <p>We offer a competitive salary, hybrid working, and 25 days holiday.</p>",39800.0,46800.0,False,permanent,part_time,IT Jobs,2026-07-27T02:40:55.821713+00:00,https://example-jobs.invalid/job/74,senior data analyst,2026-07-27T17:40:55.821713+00:00
synthetic-00075,Data Engineer - Brightfield Analytics,Brightfield Analytics,Edinburgh,Scotland,"We are looking for a Data Engineer to join our growing data team in Edinburgh. You will bring the following: Airflow, Spark, SQL, ETL/ELT, Docker, Python, AWS, Kubernetes, dbt. This role offers excellent progression opportunities within a supportive team.",,,False,permanent,full_time,IT Jobs,2026-07-05T10:40:55.821713+00:00,https://example-jobs.invalid/job/75,data engineer,2026-07-06T05:40:55.821713+00:00
synthetic-00076,Senior Data Engineer - Veridian Energy,Veridian Energy,Glasgow,Scotland,"We are looking for a Senior Data Engineer to join our growing data team in Glasgow. You will bring the following: AWS, Kubernetes, Databricks, ETL/ELT, Spark, SQL, Docker, Airflow, CI/CD, Python, Git, Kafka. <p>We offer a competitive salary, hybrid working, and 25 days holiday.</p>",,,False,permanent,part_time,IT Jobs,2026-07-26T21:40:55.821713+00:00,https://example-jobs.invalid/job/76,senior data engineer,2026-07-27T21:40:55.821713+00:00
synthetic-00077,Business Intelligence Analyst,Veridian Energy,London,London,"Veridian Energy is hiring a Business Intelligence Analyst to help shape our data strategy. You will bring the following: Data Modeling, Azure, Qlik, Power BI, Tableau, SQL, Excel. Apply now via the link below to find out more &amp; join our team!",46900.0,55100.0,False,permanent,part_time,IT Jobs,2026-07-09T20:40:55.821713+00:00,https://example-jobs.invalid/job/77,business intelligence analyst,2026-07-10T18:40:55.821713+00:00
synthetic-00078,Business Intelligence Analyst,Ironbridge Manufacturing,Edinburgh,Scotland,"We are looking for a Business Intelligence Analyst to join our growing data team in Edinburgh. You will bring the following: Excel, Tableau, Power BI, SQL, Data Modeling. <p>We offer a competitive salary, hybrid working, and 25 days holiday.</p>",47200.0,55400.0,False,contract,part_time,IT Jobs,2026-07-12T21:40:55.821713+00:00,https://example-jobs.invalid/job/78,business intelligence analyst,2026-07-13T23:40:55.821713+00:00
synthetic-00079,Data Analyst - Solstice Bank,Solstice Bank,Bristol,South West England,"Exciting opportunity for a Data Analyst to make an impact at a fast-growing company based in Bristol. <p>Key skills and experience:</p><ul><li>Tableau</li><li>Statistical Analysis</li><li>Excel</li><li>Python</li><li>A/B Testing</li><li>SQL</li><li>Power BI</li></ul> <p>We offer a competitive salary, hybrid working, and 25 days holiday.</p>",40600.0,47700.0,False,permanent,part_time,IT Jobs,2026-07-01T02:40:55.821713+00:00,https://example-jobs.invalid/job/79,data analyst,2026-07-02T12:40:55.821713+00:00
synthetic-00080,Senior Data Analyst - Hawksmoor Consulting,Hawksmoor Consulting,Glasgow,Scotland,Exciting opportunity for a Senior Data Analyst to make an impact at a fast-growing company based in Glasgow. <p>Key skills and experience:</p><ul><li>Power BI</li><li>Stakeholder Management</li><li>Python</li><li>Statistical Analysis</li><li>SQL</li><li>Forecasting</li><li>Tableau</li></ul> This role offers excellent progression opportunities within a supportive team.,44200.0,51900.0,False,contract,part_time,IT Jobs,2026-07-04T02:40:55.821713+00:00,https://example-jobs.invalid/job/80,senior data analyst,2026-07-05T07:40:55.821713+00:00
synthetic-00081,Data Scientist - Northbridge Data Co,Northbridge Data Co,London,London,"We are looking for a Data Scientist to join our growing data team in London. You will bring the following: TensorFlow, SQL, A/B Testing, Deep Learning, Statistical Analysis, scikit-learn, Machine Learning, Python. Apply now via the link below to find out more &amp; join our team!",41000.0,48100.0,False,contract,part_time,IT Jobs,2026-06-26T12:40:55.821713+00:00,https://example-jobs.invalid/job/81,data scientist,2026-06-28T03:40:55.821713+00:00
synthetic-00082,Senior Data Scientist,Ironbridge Manufacturing,Cambridge,East of England,"Ironbridge Manufacturing is hiring a Senior Data Scientist to help shape our data strategy. <p>Key skills and experience:</p><ul><li>Python</li><li>SQL</li><li>Statistical Analysis</li><li>Deep Learning</li><li>Machine Learning</li><li>scikit-learn</li></ul> <p>We offer a competitive salary, hybrid working, and 25 days holiday.</p>",75300.0,88400.0,False,permanent,part_time,IT Jobs,2026-07-20T22:40:55.821713+00:00,https://example-jobs.invalid/job/82,senior data scientist,2026-07-22T08:40:55.821713+00:00
synthetic-00083,Data Scientist - Palmer & Vance Retail,Palmer & Vance Retail,Cambridge,East of England,"We are looking for a Data Scientist to join our growing data team in Cambridge. You will bring the following: A/B Testing, scikit-learn, NLP, Deep Learning, Statistical Analysis, Python, TensorFlow, SQL, Machine Learning. Apply now via the link below to find out more &amp; join our team!",,,False,contract,full_time,IT Jobs,2026-07-27T20:40:55.821713+00:00,https://example-jobs.invalid/job/83,data scientist,2026-07-29T07:40:55.821713+00:00
synthetic-00084,Data Engineer,Crestline Media,Birmingham,West Midlands,"Crestline Media is hiring a Data Engineer to help shape our data strategy. You will bring the following: Airflow, AWS, Python, Kafka, Docker, SQL, ETL/ELT, Spark. Apply now via the link below to find out more &amp; join our team!",,,False,permanent,part_time,IT Jobs,2026-06-27T09:40:55.821713+00:00,https://example-jobs.invalid/job/84,data engineer,2026-06-29T01:40:55.821713+00:00
synthetic-00085,Machine Learning Engineer - Crestline Media,Crestline Media,Cambridge,East of England,"We are looking for a Machine Learning Engineer to join our growing data team in Cambridge. <p>Key skills and experience:</p><ul><li>TensorFlow</li><li>LLMs / GenAI</li><li>Python</li><li>Docker</li><li>MLOps</li><li>CI/CD</li><li>AWS</li><li>Machine Learning</li><li>Git</li></ul> <p>We offer a competitive salary, hybrid working, and 25 days holiday.</p>",,,False,contract,full_time,IT Jobs,2026-06-29T09:40:55.821713+00:00,https://example-jobs.invalid/job/85,machine learning engineer,2026-06-30T05:40:55.821713+00:00
synthetic-00086,Senior Data Scientist - Willowmere Telecom,Willowmere Telecom,Reading,South East England,"Willowmere Telecom is hiring a Senior Data Scientist to help shape our data strategy. You will bring the following: Python, PyTorch, NLP, Machine Learning, Deep Learning, scikit-learn, Statistical Analysis, SQL. This role offers excellent progression opportunities within a supportive team.",,,False,contract,full_time,IT Jobs,2026-06-24T19:40:55.821713+00:00,https://example-jobs.invalid/job/86,senior data scientist,2026-06-25T05:40:55.821713+00:00
synthetic-00087,Data Analyst - Brightfield Analytics,Brightfield Analytics,Manchester,North West England,"Brightfield Analytics is hiring a Data Analyst to help shape our data strategy. You will bring the following: Stakeholder Management, Power BI, Excel, SQL, Python, Statistical Analysis, Tableau. Apply now via the link below to find out more &amp; join our team!",33900.0,39700.0,False,permanent,full_time,IT Jobs,2026-07-07T04:40:55.821713+00:00,https://example-jobs.invalid/job/87,data analyst,2026-07-08T10:40:55.821713+00:00
synthetic-00088,Business Intelligence Analyst,Marlow Digital,Glasgow,Scotland,"Exciting opportunity for a Business Intelligence Analyst to make an impact at a fast-growing company based in Glasgow. You will bring the following: Data Modeling, SQL, Power BI, Tableau, Azure, Qlik, Excel. <p>We offer a competitive salary, hybrid working, and 25 days holiday.</p>",31700.0,37200.0,False,permanent,full_time,IT Jobs,2026-07-03T10:40:55.821713+00:00,https://example-jobs.invalid/job/88,business intelligence analyst,2026-07-04T04:40:55.821713+00:00
synthetic-00089,Data Analyst,Orbital Logistics,Leeds,Yorkshire and the Humber,Exciting opportunity for a Data Analyst to make an impact at a fast-growing company based in Leeds. <p>Key skills and experience:</p><ul><li>SQL</li><li>Power BI</li><li>A/B Testing</li><li>Statistical Analysis</li><li>Python</li><li>Stakeholder Management</li><li>Excel</li><li>Tableau</li></ul> Apply now via the link below to find out more &amp; join our team!,34900.0,40900.0,False,permanent,part_time,IT Jobs,2026-07-17T07:40:55.821713+00:00,https://example-jobs.invalid/job/89,data analyst,2026-07-18T21:40:55.821713+00:00
synthetic-00090,Business Intelligence Analyst - Willowmere Telecom,Willowmere Telecom,"Remote, UK",Remote,"We are looking for a Business Intelligence Analyst to join our growing data team in Remote, UK. <p>Key skills and experience:</p><ul><li>SQL</li><li>Azure</li><li>Tableau</li><li>Qlik</li><li>Excel</li><li>Power BI</li><li>Data Modeling</li></ul> This role offers excellent progression opportunities within a supportive team.",,,False,contract,part_time,IT Jobs,2026-07-08T20:40:55.821713+00:00,https://example-jobs.invalid/job/90,business intelligence analyst,2026-07-09T15:40:55.821713+00:00
synthetic-00091,Head of Data - Northbridge Data Co,Northbridge Data Co,"Remote, UK",Remote,"We are looking for a Head of Data to join our growing data team in Remote, UK. <p>Key skills and experience:</p><ul><li>Stakeholder Management</li><li>AWS</li><li>Project Management</li><li>SQL</li><li>Data Modeling</li></ul> This role offers excellent progression opportunities within a supportive team.",75200.0,88300.0,False,contract,part_time,IT Jobs,2026-07-30T12:40:55.821713+00:00,https://example-jobs.invalid/job/91,head of data,2026-07-30T15:40:55.821713+00:00
synthetic-00092,Analytics Engineer,Kestrel Insurance Group,Cambridge,East of England,Kestrel Insurance Group is hiring a Analytics Engineer to help shape our data strategy. <p>Key skills and experience:</p><ul><li>SQL</li><li>BigQuery</li><li>Snowflake</li><li>dbt</li><li>Python</li><li>Data Modeling</li></ul> This role offers excellent progression opportunities within a supportive team.,64000.0,75100.0,False,contract,part_time,IT Jobs,2026-06-26T04:40:55.821713+00:00,https://example-jobs.invalid/job/92,analytics engineer,2026-06-27T11:40:55.821713+00:00
synthetic-00093,Senior Data Analyst,Hawksmoor Consulting,Glasgow,Scotland,Hawksmoor Consulting is hiring a Senior Data Analyst to help shape our data strategy. <p>Key skills and experience:</p><ul><li>Power BI</li><li>SQL</li><li>Forecasting</li><li>Python</li><li>Statistical Analysis</li><li>Stakeholder Management</li><li>Tableau</li><li>Snowflake</li></ul> This role offers excellent progression opportunities within a supportive team.,,,False,permanent,full_time,IT Jobs,2026-06-23T01:40:55.821713+00:00,https://example-jobs.invalid/job/93,senior data analyst,2026-06-23T11:40:55.821713+00:00
synthetic-00094,Head of Data,Palmer & Vance Retail,Manchester,North West England,"We are looking for a Head of Data to join our growing data team in Manchester. <p>Key skills and experience:</p><ul><li>Stakeholder Management</li><li>SQL</li><li>Project Management</li><li>Data Modeling</li></ul> <p>We offer a competitive salary, hybrid working, and 25 days holiday.</p>",85500.0,100400.0,False,permanent,full_time,IT Jobs,2026-06-22T22:40:55.821713+00:00,https://example-jobs.invalid/job/94,head of data,2026-06-24T22:40:55.821713+00:00
synthetic-00095,Analytics Engineer,Veridian Energy,Birmingham,West Midlands,"Veridian Energy is hiring a Analytics Engineer to help shape our data strategy. <p>Key skills and experience:</p><ul><li>SQL</li><li>dbt</li><li>BigQuery</li><li>Git</li><li>Airflow</li><li>Data Modeling</li><li>Snowflake</li><li>Python</li></ul> <p>We offer a competitive salary, hybrid working, and 25 days holiday.</p>",57900.0,67900.0,False,permanent,part_time,IT Jobs,2026-07-13T06:40:55.821713+00:00,https://example-jobs.invalid/job/95,analytics engineer,2026-07-14T02:40:55.821713+00:00
synthetic-00096,Senior Data Scientist,Ferngate Health,Cambridge,East of England,Ferngate Health is hiring a Senior Data Scientist to help shape our data strategy. <p>Key skills and experience:</p><ul><li>SQL</li><li>scikit-learn</li><li>Machine Learning</li><li>NLP</li><li>MLOps</li><li>Python</li><li>PyTorch</li><li>Deep Learning</li><li>Statistical Analysis</li><li>LLMs / GenAI</li></ul> Apply now via the link below to find out more &amp; join our team!,64400.0,75600.0,False,permanent,full_time,IT Jobs,2026-06-28T05:40:55.821713+00:00,https://example-jobs.invalid/job/96,senior data scientist,2026-06-29T17:40:55.821713+00:00
synthetic-00097,Head of Data - Palmer & Vance Retail,Palmer & Vance Retail,"Remote, UK",Remote,"We are looking for a Head of Data to join our growing data team in Remote, UK. <p>Key skills and experience:</p><ul><li>Data Modeling</li><li>Stakeholder Management</li><li>SQL</li><li>Project Management</li><li>AWS</li></ul> Apply now via the link below to find out more &amp; join our team!",,,False,permanent,part_time,IT Jobs,2026-07-25T16:40:55.821713+00:00,https://example-jobs.invalid/job/97,head of data,2026-07-26T01:40:55.821713+00:00
synthetic-00098,Business Intelligence Analyst,Veridian Energy,Cambridge,East of England,"We are looking for a Business Intelligence Analyst to join our growing data team in Cambridge. You will bring the following: Power BI, SQL, Data Modeling, Qlik, Excel. <p>We offer a competitive salary, hybrid working, and 25 days holiday.</p>",39000.0,45800.0,False,permanent,full_time,IT Jobs,2026-07-30T08:40:55.821713+00:00,https://example-jobs.invalid/job/98,business intelligence analyst,2026-07-31T11:40:55.821713+00:00
synthetic-00099,Machine Learning Engineer,Kestrel Insurance Group,Cambridge,East of England,Exciting opportunity for a Machine Learning Engineer to make an impact at a fast-growing company based in Cambridge. <p>Key skills and experience:</p><ul><li>Kubernetes</li><li>LLMs / GenAI</li><li>Python</li><li>Docker</li><li>AWS</li><li>PyTorch</li><li>Machine Learning</li><li>CI/CD</li><li>TensorFlow</li><li>MLOps</li><li>Git</li></ul> Apply now via the link below to find out more &amp; join our team!,,,False,contract,full_time,IT Jobs,2026-07-21T13:40:55.821713+00:00,https://example-jobs.invalid/job/99,machine learning engineer,2026-07-23T13:40:55.821713+00:00
synthetic-00100,Data Engineer,Coppergate Fintech,"Remote, UK",Remote,"We are looking for a Data Engineer to join our growing data team in Remote, UK. <p>Key skills and experience:</p><ul><li>Kafka</li><li>Docker</li><li>AWS</li><li>Python</li><li>Snowflake</li><li>dbt</li><li>Spark</li><li>CI/CD</li><li>Airflow</li><li>SQL</li><li>Kubernetes</li><li>ETL/ELT</li></ul> Apply now via the link below to find out more &amp; join our team!",,,False,contract,part_time,IT Jobs,2026-07-12T19:40:55.821713+00:00,https://example-jobs.invalid/job/100,data engineer,2026-07-14T18:40:55.821713+00:00
synthetic-00101,Senior Data Engineer,Veridian Energy,London,London,"Veridian Energy is hiring a Senior Data Engineer to help shape our data strategy. You will bring the following: Docker, Python, AWS, Kubernetes, Airflow, SQL, Spark, ETL/ELT. Apply now via the link below to find out more &amp; join our team!",74900.0,87900.0,False,contract,part_time,IT Jobs,2026-07-18T06:40:55.821713+00:00,https://example-jobs.invalid/job/101,senior data engineer,2026-07-18T15:40:55.821713+00:00
synthetic-00102,Machine Learning Engineer,Willowmere Telecom,Reading,South East England,"We are looking for a Machine Learning Engineer to join our growing data team in Reading. You will bring the following: TensorFlow, AWS, LLMs / GenAI, Python, Docker, Git, MLOps, PyTorch, Machine Learning. This role offers excellent progression opportunities within a supportive team.",56600.0,66400.0,False,contract,full_time,IT Jobs,2026-06-28T09:40:55.821713+00:00,https://example-jobs.invalid/job/102,machine learning engineer,2026-06-28T20:40:55.821713+00:00
synthetic-00103,Senior Data Engineer,Marlow Digital,"Remote, UK",Remote,"Exciting opportunity for a Senior Data Engineer to make an impact at a fast-growing company based in Remote, UK. You will bring the following: Docker, AWS, Spark, SQL, Airflow, Python, Kubernetes, ETL/ELT. This role offers excellent progression opportunities within a supportive team.",86600.0,101600.0,False,permanent,full_time,IT Jobs,2026-07-12T14:40:55.821713+00:00,https://example-jobs.invalid/job/103,senior data engineer,2026-07-12T16:40:55.821713+00:00
synthetic-00104,Head of Data,Brightfield Analytics,Manchester,North West England,"We are looking for a Head of Data to join our growing data team in Manchester. You will bring the following: AWS, Machine Learning, Project Management, SQL, Agile, Data Modeling, Stakeholder Management. This role offers excellent progression opportunities within a supportive team.",,,False,contract,part_time,IT Jobs,2026-07-06T02:40:55.821713+00:00,https://example-jobs.invalid/job/104,head of data,2026-07-07T03:40:55.821713+00:00
synthetic-00105,Senior Data Analyst,Kestrel Insurance Group,Reading,South East England,"Exciting opportunity for a Senior Data Analyst to make an impact at a fast-growing company based in Reading. You will bring the following: Tableau, Forecasting, Power BI, SQL, Stakeholder Management, Python, Statistical Analysis, Snowflake. This role offers excellent progression opportunities within a supportive team.",52900.0,62100.0,False,permanent,part_time,IT Jobs,2026-07-08T06:40:55.821713+00:00,https://example-jobs.invalid/job/105,senior data analyst,2026-07-08T22:40:55.821713+00:00
synthetic-00106,Senior Data Engineer,Brightfield Analytics,Manchester,North West England,Exciting opportunity for a Senior Data Engineer to make an impact at a fast-growing company based in Manchester. <p>Key skills and experience:</p><ul><li>Airflow</li><li>Kubernetes</li><li>Spark</li><li>Git</li><li>Kafka</li><li>Docker</li><li>AWS</li><li>ETL/ELT</li><li>Python</li><li>CI/CD</li><li>SQL</li></ul> This role offers excellent progression opportunities within a supportive team.,85700.0,100600.0,False,permanent,part_time,IT Jobs,2026-07-29T09:40:55.821713+00:00,https://example-jobs.invalid/job/106,senior data engineer,2026-07-30T18:40:55.821713+00:00
synthetic-00107,Head of Data,Ironbridge Manufacturing,"Remote, UK",Remote,"Exciting opportunity for a Head of Data to make an impact at a fast-growing company based in Remote, UK. <p>Key skills and experience:</p><ul><li>Stakeholder Management</li><li>SQL</li><li>Data Modeling</li><li>Machine Learning</li><li>AWS</li><li>Project Management</li></ul> This role offers excellent progression opportunities within a supportive team.",,,False,contract,full_time,IT Jobs,2026-07-20T17:40:55.821713+00:00,https://example-jobs.invalid/job/107,head of data,2026-07-22T13:40:55.821713+00:00
synthetic-00108,Senior Data Scientist,Ironbridge Manufacturing,Glasgow,Scotland,Ironbridge Manufacturing is hiring a Senior Data Scientist to help shape our data strategy. <p>Key skills and experience:</p><ul><li>NLP</li><li>Statistical Analysis</li><li>Python</li><li>MLOps</li><li>SQL</li><li>PyTorch</li><li>Machine Learning</li><li>LLMs / GenAI</li><li>scikit-learn</li><li>Deep Learning</li></ul> Apply now via the link below to find out more &amp; join our team!,,,False,permanent,part_time,IT Jobs,2026-06-27T00:40:55.821713+00:00,https://example-jobs.invalid/job/108,senior data scientist,2026-06-28T03:40:55.821713+00:00
synthetic-00109,Senior Data Engineer,Palmer & Vance Retail,Leeds,Yorkshire and the Humber,"Palmer & Vance Retail is hiring a Senior Data Engineer to help shape our data strategy. You will bring the following: Kafka, Databricks, AWS, Kubernetes, ETL/ELT, Spark, Python, Airflow, SQL, Docker. This role offers excellent progression opportunities within a supportive team.",84500.0,99200.0,False,permanent,full_time,IT Jobs,2026-07-19T03:40:55.821713+00:00,https://example-jobs.invalid/job/109,senior data engineer,2026-07-19T23:40:55.821713+00:00
synthetic-00110,Senior Data Engineer,Thistledown Public Sector,Manchester,North West England,Exciting opportunity for a Senior Data Engineer to make an impact at a fast-growing company based in Manchester. <p>Key skills and experience:</p><ul><li>Python</li><li>SQL</li><li>ETL/ELT</li><li>AWS</li><li>CI/CD</li><li>Spark</li><li>Kafka</li><li>Docker</li><li>Databricks</li><li>Airflow</li><li>Kubernetes</li></ul> This role offers excellent progression opportunities within a supportive team.,,,False,contract,full_time,IT Jobs,2026-07-03T10:40:55.821713+00:00,https://example-jobs.invalid/job/110,senior data engineer,2026-07-05T09:40:55.821713+00:00
synthetic-00111,Senior Data Scientist,Orbital Logistics,Birmingham,West Midlands,"Orbital Logistics is hiring a Senior Data Scientist to help shape our data strategy. You will bring the following: Deep Learning, SQL, Python, Statistical Analysis, Machine Learning, scikit-learn. This role offers excellent progression opportunities within a supportive team.",,,False,contract,full_time,IT Jobs,2026-07-14T09:40:55.821713+00:00,https://example-jobs.invalid/job/111,senior data scientist,2026-07-14T22:40:55.821713+00:00
synthetic-00112,Business Intelligence Analyst,Veridian Energy,Reading,South East England,We are looking for a Business Intelligence Analyst to join our growing data team in Reading. <p>Key skills and experience:</p><ul><li>Excel</li><li>Power BI</li><li>SQL</li><li>Qlik</li><li>Data Modeling</li><li>Azure</li></ul> This role offers excellent progression opportunities within a supportive team.,40400.0,47500.0,False,permanent,full_time,IT Jobs,2026-06-27T17:40:55.821713+00:00,https://example-jobs.invalid/job/112,business intelligence analyst,2026-06-27T21:40:55.821713+00:00
synthetic-00113,Data Analyst,Kestrel Insurance Group,Glasgow,Scotland,Exciting opportunity for a Data Analyst to make an impact at a fast-growing company based in Glasgow. <p>Key skills and experience:</p><ul><li>Power BI</li><li>Statistical Analysis</li><li>Python</li><li>SQL</li><li>Excel</li><li>Tableau</li></ul> This role offers excellent progression opportunities within a supportive team.,,,False,permanent,part_time,IT Jobs,2026-06-22T22:40:55.821713+00:00,https://example-jobs.invalid/job/113,data analyst,2026-06-24T17:40:55.821713+00:00
synthetic-00114,Data Analyst,Crestline Media,London,London,"Crestline Media is hiring a Data Analyst to help shape our data strategy. <p>Key skills and experience:</p><ul><li>Stakeholder Management</li><li>Power BI</li><li>A/B Testing</li><li>Excel</li><li>Python</li><li>Statistical Analysis</li><li>SQL</li></ul> <p>We offer a competitive salary, hybrid working, and 25 days holiday.</p>",,,False,permanent,part_time,IT Jobs,2026-07-16T02:40:55.821713+00:00,https://example-jobs.invalid/job/114,data analyst,2026-07-16T20:40:55.821713+00:00
synthetic-00115,Machine Learning Engineer - Hawksmoor Consulting,Hawksmoor Consulting,Cambridge,East of England,Exciting opportunity for a Machine Learning Engineer to make an impact at a fast-growing company based in Cambridge. <p>Key skills and experience:</p><ul><li>PyTorch</li><li>Machine Learning</li><li>AWS</li><li>MLOps</li><li>Python</li><li>Git</li><li>Docker</li></ul> Apply now via the link below to find out more &amp; join our team!,80300.0,94200.0,False,contract,part_time,IT Jobs,2026-07-31T15:40:55.821713+00:00,https://example-jobs.invalid/job/115,machine learning engineer,2026-08-01T02:40:55.821713+00:00
synthetic-00116,Head of Data,Willowmere Telecom,Manchester,North West England,"Exciting opportunity for a Head of Data to make an impact at a fast-growing company based in Manchester. <p>Key skills and experience:</p><ul><li>SQL</li><li>Data Modeling</li><li>Stakeholder Management</li><li>Project Management</li></ul> <p>We offer a competitive salary, hybrid working, and 25 days holiday.</p>",,,False,permanent,part_time,IT Jobs,2026-07-14T20:40:55.821713+00:00,https://example-jobs.invalid/job/116,head of data,2026-07-16T09:40:55.821713+00:00
synthetic-00117,Data Analyst,Hawksmoor Consulting,Bristol,South West England,"Hawksmoor Consulting is hiring a Data Analyst to help shape our data strategy. You will bring the following: Excel, Stakeholder Management, Statistical Analysis, Power BI, SQL, Python. Apply now via the link below to find out more &amp; join our team!",,,False,permanent,full_time,IT Jobs,2026-06-28T03:40:55.821713+00:00,https://example-jobs.invalid/job/117,data analyst,2026-06-29T04:40:55.821713+00:00
synthetic-00118,Analytics Engineer - Brightfield Analytics,Brightfield Analytics,Birmingham,West Midlands,"Brightfield Analytics is hiring a Analytics Engineer to help shape our data strategy. You will bring the following: Python, Data Modeling, SQL, dbt, Snowflake. This role offers excellent progression opportunities within a supportive team.",43600.0,51200.0,False,contract,part_time,IT Jobs,2026-07-12T13:40:55.821713+00:00,https://example-jobs.invalid/job/118,analytics engineer,2026-07-14T06:40:55.821713+00:00
synthetic-00119,Senior Data Engineer - Crestline Media,Crestline Media,Birmingham,West Midlands,"Crestline Media is hiring a Senior Data Engineer to help shape our data strategy. You will bring the following: ETL/ELT, Databricks, Git, Spark, Kubernetes, Python, Docker, Airflow, AWS, Kafka, SQL. <p>We offer a competitive salary, hybrid working, and 25 days holiday.</p>",,,False,contract,part_time,IT Jobs,2026-07-12T02:40:55.821713+00:00,https://example-jobs.invalid/job/119,senior data engineer,2026-07-12T09:40:55.821713+00:00
synthetic-00120,Senior Data Scientist - Northbridge Data Co,Northbridge Data Co,Leeds,Yorkshire and the Humber,"We are looking for a Senior Data Scientist to join our growing data team in Leeds. <p>Key skills and experience:</p><ul><li>NLP</li><li>Deep Learning</li><li>Python</li><li>scikit-learn</li><li>Statistical Analysis</li><li>SQL</li><li>Machine Learning</li></ul> <p>We offer a competitive salary, hybrid working, and 25 days holiday.</p>",,,False,contract,full_time,IT Jobs,2026-07-12T01:40:55.821713+00:00,https://example-jobs.invalid/job/120,senior data scientist,2026-07-12T02:40:55.821713+00:00
synthetic-00121,Analytics Engineer,Hawksmoor Consulting,Bristol,South West England,"Exciting opportunity for a Analytics Engineer to make an impact at a fast-growing company based in Bristol. <p>Key skills and experience:</p><ul><li>SQL</li><li>Python</li><li>Git</li><li>Data Modeling</li><li>dbt</li><li>Snowflake</li></ul> <p>We offer a competitive salary, hybrid working, and 25 days holiday.</p>",46300.0,54300.0,False,permanent,part_time,IT Jobs,2026-07-15T00:40:55.821713+00:00,https://example-jobs.invalid/job/121,analytics engineer,2026-07-15T20:40:55.821713+00:00
synthetic-00122,Data Scientist,Thistledown Public Sector,Bristol,South West England,Exciting opportunity for a Data Scientist to make an impact at a fast-growing company based in Bristol. <p>Key skills and experience:</p><ul><li>NLP</li><li>Machine Learning</li><li>scikit-learn</li><li>TensorFlow</li><li>Statistical Analysis</li><li>Python</li><li>Deep Learning</li><li>SQL</li></ul> Apply now via the link below to find out more &amp; join our team!,,,False,permanent,part_time,IT Jobs,2026-06-20T18:40:55.821713+00:00,https://example-jobs.invalid/job/122,data scientist,2026-06-21T03:40:55.821713+00:00
synthetic-00123,Senior Data Scientist,Orbital Logistics,Edinburgh,Scotland,Exciting opportunity for a Senior Data Scientist to make an impact at a fast-growing company based in Edinburgh. <p>Key skills and experience:</p><ul><li>Python</li><li>LLMs / GenAI</li><li>Statistical Analysis</li><li>SQL</li><li>Deep Learning</li><li>Machine Learning</li><li>scikit-learn</li><li>MLOps</li></ul> This role offers excellent progression opportunities within a supportive team.,56500.0,66400.0,False,permanent,part_time,IT Jobs,2026-06-28T08:40:55.821713+00:00,https://example-jobs.invalid/job/123,senior data scientist,2026-06-30T04:40:55.821713+00:00
synthetic-00124,Senior Data Engineer,Ironbridge Manufacturing,Cambridge,East of England,"Exciting opportunity for a Senior Data Engineer to make an impact at a fast-growing company based in Cambridge. You will bring the following: Docker, Python, Databricks, Airflow, Kubernetes, Kafka, SQL, AWS, Spark, ETL/ELT. Apply now via the link below to find out more &amp; join our team!",,,False,permanent,part_time,IT Jobs,2026-06-27T21:40:55.821713+00:00,https://example-jobs.invalid/job/124,senior data engineer,2026-06-29T18:40:55.821713+00:00
synthetic-00125,Analytics Engineer,Veridian Energy,"Remote, UK",Remote,"We are looking for a Analytics Engineer to join our growing data team in Remote, UK. You will bring the following: Data Modeling, Snowflake, Python, dbt, SQL. <p>We offer a competitive salary, hybrid working, and 25 days holiday.</p>",,,False,contract,part_time,IT Jobs,2026-06-20T16:40:55.821713+00:00,https://example-jobs.invalid/job/125,analytics engineer,2026-06-22T10:40:55.821713+00:00
synthetic-00126,Senior Data Analyst - Northbridge Data Co,Northbridge Data Co,London,London,Exciting opportunity for a Senior Data Analyst to make an impact at a fast-growing company based in London. <p>Key skills and experience:</p><ul><li>Snowflake</li><li>SQL</li><li>Statistical Analysis</li><li>Python</li><li>Stakeholder Management</li><li>Power BI</li><li>Tableau</li><li>Forecasting</li></ul> Apply now via the link below to find out more &amp; join our team!,,,False,contract,part_time,IT Jobs,2026-07-27T10:40:55.821713+00:00,https://example-jobs.invalid/job/126,senior data analyst,2026-07-29T09:40:55.821713+00:00
synthetic-00127,Business Intelligence Analyst,Crestline Media,Bristol,South West England,"We are looking for a Business Intelligence Analyst to join our growing data team in Bristol. You will bring the following: Qlik, Power BI, SQL, Excel, Tableau, Azure, Data Modeling. <p>We offer a competitive salary, hybrid working, and 25 days holiday.</p>",35400.0,41600.0,False,permanent,full_time,IT Jobs,2026-07-10T17:40:55.821713+00:00,https://example-jobs.invalid/job/127,business intelligence analyst,2026-07-11T00:40:55.821713+00:00
synthetic-00128,Analytics Engineer,Crestline Media,Edinburgh,Scotland,Crestline Media is hiring a Analytics Engineer to help shape our data strategy. <p>Key skills and experience:</p><ul><li>Python</li><li>dbt</li><li>SQL</li><li>BigQuery</li><li>Snowflake</li><li>Data Modeling</li></ul> This role offers excellent progression opportunities within a supportive team.,,,False,permanent,part_time,IT Jobs,2026-07-07T13:40:55.821713+00:00,https://example-jobs.invalid/job/128,analytics engineer,2026-07-09T13:40:55.821713+00:00
synthetic-00129,Head of Data,Orbital Logistics,Glasgow,Scotland,"Orbital Logistics is hiring a Head of Data to help shape our data strategy. You will bring the following: SQL, Data Modeling, Stakeholder Management, Project Management. <p>We offer a competitive salary, hybrid working, and 25 days holiday.</p>",,,False,contract,full_time,IT Jobs,2026-06-28T08:40:55.821713+00:00,https://example-jobs.invalid/job/129,head of data,2026-06-29T08:40:55.821713+00:00
synthetic-00130,Data Scientist - Crestline Media,Crestline Media,Cambridge,East of England,Crestline Media is hiring a Data Scientist to help shape our data strategy. <p>Key skills and experience:</p><ul><li>TensorFlow</li><li>A/B Testing</li><li>Machine Learning</li><li>SQL</li><li>Python</li><li>scikit-learn</li><li>Statistical Analysis</li></ul> This role offers excellent progression opportunities within a supportive team.,,,False,permanent,part_time,IT Jobs,2026-07-12T18:40:55.821713+00:00,https://example-jobs.invalid/job/130,data scientist,2026-07-14T08:40:55.821713+00:00
synthetic-00131,Senior Data Analyst,Solstice Bank,Bristol,South West England,"Exciting opportunity for a Senior Data Analyst to make an impact at a fast-growing company based in Bristol. You will bring the following: SQL, Power BI, Statistical Analysis, Stakeholder Management, Tableau, Python. This role offers excellent progression opportunities within a supportive team.",45800.0,53800.0,False,permanent,full_time,IT Jobs,2026-07-20T22:40:55.821713+00:00,https://example-jobs.invalid/job/131,senior data analyst,2026-07-22T15:40:55.821713+00:00
synthetic-00132,Business Intelligence Analyst,Kestrel Insurance Group,Leeds,Yorkshire and the Humber,Exciting opportunity for a Business Intelligence Analyst to make an impact at a fast-growing company based in Leeds. <p>Key skills and experience:</p><ul><li>Excel</li><li>Qlik</li><li>Power BI</li><li>SQL</li><li>Data Modeling</li></ul> Apply now via the link below to find out more &amp; join our team!,,,False,contract,part_time,IT Jobs,2026-06-29T17:40:55.821713+00:00,https://example-jobs.invalid/job/132,business intelligence analyst,2026-07-01T01:40:55.821713+00:00
synthetic-00133,Business Intelligence Analyst,Kestrel Insurance Group,Cambridge,East of England,We are looking for a Business Intelligence Analyst to join our growing data team in Cambridge. <p>Key skills and experience:</p><ul><li>Excel</li><li>Power BI</li><li>Data Modeling</li><li>SQL</li></ul> This role offers excellent progression opportunities within a supportive team.,34400.0,40400.0,False,contract,full_time,IT Jobs,2026-07-02T19:40:55.821713+00:00,https://example-jobs.invalid/job/133,business intelligence analyst,2026-07-04T19:40:55.821713+00:00
synthetic-00134,Head of Data,Solstice Bank,Manchester,North West England,"Solstice Bank is hiring a Head of Data to help shape our data strategy. You will bring the following: SQL, Stakeholder Management, Agile, Project Management, Data Modeling, AWS. <p>We offer a competitive salary, hybrid working, and 25 days holiday.</p>",111700.0,131200.0,False,permanent,part_time,IT Jobs,2026-07-29T23:40:55.821713+00:00,https://example-jobs.invalid/job/134,head of data,2026-07-30T16:40:55.821713+00:00
synthetic-00135,Senior Data Analyst - Palmer & Vance Retail,Palmer & Vance Retail,Bristol,South West England,Palmer & Vance Retail is hiring a Senior Data Analyst to help shape our data strategy. <p>Key skills and experience:</p><ul><li>dbt</li><li>Power BI</li><li>SQL</li><li>Forecasting</li><li>Stakeholder Management</li><li>Python</li><li>Statistical Analysis</li><li>Tableau</li></ul> This role offers excellent progression opportunities within a supportive team.,45200.0,53100.0,False,permanent,full_time,IT Jobs,2026-07-14T04:40:55.821713+00:00,https://example-jobs.invalid/job/135,senior data analyst,2026-07-15T17:40:55.821713+00:00
synthetic-00136,Machine Learning Engineer,Solstice Bank,London,London,"We are looking for a Machine Learning Engineer to join our growing data team in London. You will bring the following: Python, Kubernetes, Machine Learning, CI/CD, TensorFlow, Git, MLOps, Docker, LLMs / GenAI, PyTorch, AWS. <p>We offer a competitive salary, hybrid working, and 25 days holiday.</p>",59600.0,70000.0,False,contract,part_time,IT Jobs,2026-07-14T15:40:55.821713+00:00,https://example-jobs.invalid/job/136,machine learning engineer,2026-07-15T15:40:55.821713+00:00
synthetic-00137,Head of Data - Coppergate Fintech,Coppergate Fintech,London,London,"We are looking for a Head of Data to join our growing data team in London. You will bring the following: Stakeholder Management, Project Management, SQL, Data Modeling. Apply now via the link below to find out more &amp; join our team!",98600.0,115700.0,False,contract,part_time,IT Jobs,2026-07-05T07:40:55.821713+00:00,https://example-jobs.invalid/job/137,head of data,2026-07-06T15:40:55.821713+00:00
synthetic-00138,Analytics Engineer - Kestrel Insurance Group,Kestrel Insurance Group,"Remote, UK",Remote,"Exciting opportunity for a Analytics Engineer to make an impact at a fast-growing company based in Remote, UK. <p>Key skills and experience:</p><ul><li>Python</li><li>Git</li><li>Airflow</li><li>Data Modeling</li><li>SQL</li><li>Snowflake</li><li>BigQuery</li><li>dbt</li></ul> Apply now via the link below to find out more &amp; join our team!",44900.0,52700.0,False,contract,full_time,IT Jobs,2026-07-23T17:40:55.821713+00:00,https://example-jobs.invalid/job/138,analytics engineer,2026-07-24T13:40:55.821713+00:00
synthetic-00139,Senior Data Scientist,Northbridge Data Co,Leeds,Yorkshire and the Humber,"Northbridge Data Co is hiring a Senior Data Scientist to help shape our data strategy. <p>Key skills and experience:</p><ul><li>scikit-learn</li><li>Python</li><li>NLP</li><li>SQL</li><li>Machine Learning</li><li>Deep Learning</li><li>Statistical Analysis</li><li>PyTorch</li></ul> <p>We offer a competitive salary, hybrid working, and 25 days holiday.</p>",78800.0,92500.0,False,contract,full_time,IT Jobs,2026-07-23T19:40:55.821713+00:00,https://example-jobs.invalid/job/139,senior data scientist,2026-07-24T10:40:55.821713+00:00
synthetic-00140,Data Analyst,Coppergate Fintech,Birmingham,West Midlands,We are looking for a Data Analyst to join our growing data team in Birmingham. <p>Key skills and experience:</p><ul><li>Power BI</li><li>SQL</li><li>Statistical Analysis</li><li>Excel</li><li>Python</li></ul> This role offers excellent progression opportunities within a supportive team.,,,False,permanent,part_time,IT Jobs,2026-07-26T03:40:55.821713+00:00,https://example-jobs.invalid/job/140,data analyst,2026-07-27T03:40:55.821713+00:00
synthetic-00141,Data Engineer,Northbridge Data Co,Edinburgh,Scotland,"We are looking for a Data Engineer to join our growing data team in Edinburgh. You will bring the following: Snowflake, dbt, Python, SQL, ETL/ELT, AWS, Kafka, Airflow, Spark, Docker, CI/CD. This role offers excellent progression opportunities within a supportive team.",,,False,permanent,part_time,IT Jobs,2026-07-10T00:40:55.821713+00:00,https://example-jobs.invalid/job/141,data engineer,2026-07-10T21:40:55.821713+00:00
synthetic-00142,Senior Data Analyst,Crestline Media,Bristol,South West England,"Exciting opportunity for a Senior Data Analyst to make an impact at a fast-growing company based in Bristol. You will bring the following: SQL, Power BI, Tableau, Forecasting, Stakeholder Management, Snowflake, Python, Statistical Analysis. <p>We offer a competitive salary, hybrid working, and 25 days holiday.</p>",40000.0,47000.0,False,permanent,full_time,IT Jobs,2026-07-25T06:40:55.821713+00:00,https://example-jobs.invalid/job/142,senior data analyst,2026-07-26T14:40:55.821713+00:00
synthetic-00143,Senior Data Scientist,Kestrel Insurance Group,Birmingham,West Midlands,"We are looking for a Senior Data Scientist to join our growing data team in Birmingham. You will bring the following: Deep Learning, SQL, NLP, Statistical Analysis, MLOps, scikit-learn, Python, Machine Learning, PyTorch. Apply now via the link below to find out more &amp; join our team!",84300.0,98900.0,False,contract,part_time,IT Jobs,2026-06-21T15:40:55.821713+00:00,https://example-jobs.invalid/job/143,senior data scientist,2026-06-23T00:40:55.821713+00:00
synthetic-00144,Senior Data Analyst,Crestline Media,Reading,South East England,"Exciting opportunity for a Senior Data Analyst to make an impact at a fast-growing company based in Reading. You will bring the following: Stakeholder Management, Power BI, Statistical Analysis, Python, dbt, Tableau, SQL. This role offers excellent progression opportunities within a supportive team.",,,False,permanent,full_time,IT Jobs,2026-07-28T04:40:55.821713+00:00,https://example-jobs.invalid/job/144,senior data analyst,2026-07-30T01:40:55.821713+00:00
synthetic-00145,Senior Data Engineer,Willowmere Telecom,Manchester,North West England,"Willowmere Telecom is hiring a Senior Data Engineer to help shape our data strategy. You will bring the following: Git, Databricks, Airflow, Kubernetes, ETL/ELT, Kafka, Docker, Python, SQL, Spark, AWS. This role offers excellent progression opportunities within a supportive team.",81100.0,95200.0,False,contract,full_time,IT Jobs,2026-07-09T09:40:55.821713+00:00,https://example-jobs.invalid/job/145,senior data engineer,2026-07-11T09:40:55.821713+00:00
synthetic-00146,Data Analyst,Ironbridge Manufacturing,Birmingham,West Midlands,"Ironbridge Manufacturing is hiring a Data Analyst to help shape our data strategy. <p>Key skills and experience:</p><ul><li>A/B Testing</li><li>Stakeholder Management</li><li>SQL</li><li>Power BI</li><li>Statistical Analysis</li><li>Tableau</li><li>Python</li><li>Excel</li></ul> <p>We offer a competitive salary, hybrid working, and 25 days holiday.</p>",29400.0,34500.0,False,permanent,full_time,IT Jobs,2026-07-25T19:40:55.821713+00:00,https://example-jobs.invalid/job/146,data analyst,2026-07-27T15:40:55.821713+00:00
synthetic-00147,Data Analyst,Palmer & Vance Retail,London,London,"We are looking for a Data Analyst to join our growing data team in London. You will bring the following: Statistical Analysis, SQL, Excel, Power BI, Python. <p>We offer a competitive salary, hybrid working, and 25 days holiday.</p>",,,False,contract,part_time,IT Jobs,2026-06-21T00:40:55.821713+00:00,https://example-jobs.invalid/job/147,data analyst,2026-06-21T15:40:55.821713+00:00
synthetic-00148,Data Scientist,Hawksmoor Consulting,Manchester,North West England,Exciting opportunity for a Data Scientist to make an impact at a fast-growing company based in Manchester. <p>Key skills and experience:</p><ul><li>Statistical Analysis</li><li>A/B Testing</li><li>SQL</li><li>scikit-learn</li><li>Machine Learning</li><li>Python</li><li>Deep Learning</li></ul> Apply now via the link below to find out more &amp; join our team!,,,False,permanent,part_time,IT Jobs,2026-07-13T03:40:55.821713+00:00,https://example-jobs.invalid/job/148,data scientist,2026-07-13T09:40:55.821713+00:00
synthetic-00149,Senior Data Engineer,Hawksmoor Consulting,Leeds,Yorkshire and the Humber,We are looking for a Senior Data Engineer to join our growing data team in Leeds. <p>Key skills and experience:</p><ul><li>Spark</li><li>Databricks</li><li>Python</li><li>Kubernetes</li><li>SQL</li><li>AWS</li><li>Git</li><li>Airflow</li><li>ETL/ELT</li><li>Docker</li></ul> Apply now via the link below to find out more &amp; join our team!,,,False,contract,part_time,IT Jobs,2026-08-01T03:40:55.821713+00:00,https://example-jobs.invalid/job/149,senior data engineer,2026-08-01T04:40:55.821713+00:00
synthetic-00150,Senior Data Analyst - Crestline Media,Crestline Media,Bristol,South West England,"We are looking for a Senior Data Analyst to join our growing data team in Bristol. You will bring the following: Statistical Analysis, dbt, Stakeholder Management, Tableau, Python, SQL, Power BI. This role offers excellent progression opportunities within a supportive team.",38700.0,45500.0,False,permanent,full_time,IT Jobs,2026-07-08T23:40:55.821713+00:00,https://example-jobs.invalid/job/150,senior data analyst,2026-07-10T23:40:55.821713+00:00
synthetic-00151,Machine Learning Engineer - Hawksmoor Consulting,Hawksmoor Consulting,Manchester,North West England,"Exciting opportunity for a Machine Learning Engineer to make an impact at a fast-growing company based in Manchester. <p>Key skills and experience:</p><ul><li>Python</li><li>CI/CD</li><li>Machine Learning</li><li>Git</li><li>LLMs / GenAI</li><li>Docker</li><li>TensorFlow</li><li>Kubernetes</li><li>MLOps</li><li>AWS</li></ul> <p>We offer a competitive salary, hybrid working, and 25 days holiday.</p>",76900.0,90200.0,False,contract,part_time,IT Jobs,2026-06-25T10:40:55.821713+00:00,https://example-jobs.invalid/job/151,machine learning engineer,2026-06-25T20:40:55.821713+00:00
synthetic-00152,Senior Data Scientist,Northbridge Data Co,Glasgow,Scotland,"We are looking for a Senior Data Scientist to join our growing data team in Glasgow. <p>Key skills and experience:</p><ul><li>PyTorch</li><li>Statistical Analysis</li><li>SQL</li><li>LLMs / GenAI</li><li>Deep Learning</li><li>MLOps</li><li>Python</li><li>Machine Learning</li><li>scikit-learn</li><li>NLP</li></ul> <p>We offer a competitive salary, hybrid working, and 25 days holiday.</p>",,,False,contract,full_time,IT Jobs,2026-07-06T21:40:55.821713+00:00,https://example-jobs.invalid/job/152,senior data scientist,2026-07-07T01:40:55.821713+00:00
synthetic-00153,Data Analyst,Coppergate Fintech,Glasgow,Scotland,We are looking for a Data Analyst to join our growing data team in Glasgow. <p>Key skills and experience:</p><ul><li>Stakeholder Management</li><li>Power BI</li><li>Python</li><li>Statistical Analysis</li><li>Tableau</li><li>Excel</li><li>SQL</li><li>A/B Testing</li></ul> Apply now via the link below to find out more &amp; join our team!,38800.0,45500.0,False,contract,full_time,IT Jobs,2026-06-21T17:40:55.821713+00:00,https://example-jobs.invalid/job/153,data analyst,2026-06-21T23:40:55.821713+00:00
synthetic-00154,Data Analyst - Palmer & Vance Retail,Palmer & Vance Retail,Manchester,North West England,"Palmer & Vance Retail is hiring a Data Analyst to help shape our data strategy. <p>Key skills and experience:</p><ul><li>Statistical Analysis</li><li>Tableau</li><li>Power BI</li><li>A/B Testing</li><li>Stakeholder Management</li><li>Python</li><li>SQL</li><li>Excel</li></ul> <p>We offer a competitive salary, hybrid working, and 25 days holiday.</p>",39200.0,46000.0,False,permanent,part_time,IT Jobs,2026-07-05T08:40:55.821713+00:00,https://example-jobs.invalid/job/154,data analyst,2026-07-06T07:40:55.821713+00:00
synthetic-00155,Data Scientist - Willowmere Telecom,Willowmere Telecom,Cambridge,East of England,Exciting opportunity for a Data Scientist to make an impact at a fast-growing company based in Cambridge. <p>Key skills and experience:</p><ul><li>Python</li><li>Statistical Analysis</li><li>SQL</li><li>Machine Learning</li><li>Deep Learning</li><li>scikit-learn</li></ul> This role offers excellent progression opportunities within a supportive team.,57100.0,67000.0,False,permanent,full_time,IT Jobs,2026-07-27T05:40:55.821713+00:00,https://example-jobs.invalid/job/155,data scientist,2026-07-28T06:40:55.821713+00:00
synthetic-00156,Analytics Engineer,Orbital Logistics,London,London,We are looking for a Analytics Engineer to join our growing data team in London. <p>Key skills and experience:</p><ul><li>SQL</li><li>Snowflake</li><li>dbt</li><li>Git</li><li>BigQuery</li><li>Data Modeling</li><li>Python</li></ul> This role offers excellent progression opportunities within a supportive team.,43200.0,50800.0,False,permanent,full_time,IT Jobs,2026-07-15T12:40:55.821713+00:00,https://example-jobs.invalid/job/156,analytics engineer,2026-07-16T19:40:55.821713+00:00
synthetic-00157,Senior Data Analyst,Veridian Energy,Bristol,South West England,"Exciting opportunity for a Senior Data Analyst to make an impact at a fast-growing company based in Bristol. You will bring the following: dbt, Power BI, Tableau, Python, SQL, Stakeholder Management, Statistical Analysis. <p>We offer a competitive salary, hybrid working, and 25 days holiday.</p>",45200.0,53100.0,False,permanent,part_time,IT Jobs,2026-06-25T03:40:55.821713+00:00,https://example-jobs.invalid/job/157,senior data analyst,2026-06-27T03:40:55.821713+00:00
synthetic-00158,Head of Data - Kestrel Insurance Group,Kestrel Insurance Group,"Remote, UK",Remote,"We are looking for a Head of Data to join our growing data team in Remote, UK. <p>Key skills and experience:</p><ul><li>Data Modeling</li><li>Project Management</li><li>Stakeholder Management</li><li>SQL</li><li>Machine Learning</li></ul> <p>We offer a competitive salary, hybrid working, and 25 days holiday.</p>",,,False,permanent,full_time,IT Jobs,2026-07-30T21:40:55.821713+00:00,https://example-jobs.invalid/job/158,head of data,2026-08-01T04:40:55.821713+00:00
synthetic-00159,Senior Data Scientist,Willowmere Telecom,Edinburgh,Scotland,We are looking for a Senior Data Scientist to join our growing data team in Edinburgh. <p>Key skills and experience:</p><ul><li>SQL</li><li>NLP</li><li>MLOps</li><li>Python</li><li>Machine Learning</li><li>Statistical Analysis</li><li>scikit-learn</li><li>Deep Learning</li></ul> This role offers excellent progression opportunities within a supportive team.,58600.0,68800.0,False,permanent,part_time,IT Jobs,2026-07-26T03:40:55.821713+00:00,https://example-jobs.invalid/job/159,senior data scientist,2026-07-26T23:40:55.821713+00:00
synthetic-00160,Business Intelligence Analyst - Kestrel Insurance Group,Kestrel Insurance Group,Birmingham,West Midlands,Kestrel Insurance Group is hiring a Business Intelligence Analyst to help shape our data strategy. <p>Key skills and experience:</p><ul><li>Power BI</li><li>Azure</li><li>SQL</li><li>Tableau</li><li>Excel</li><li>Data Modeling</li></ul> This role offers excellent progression opportunities within a supportive team.,,,False,contract,full_time,IT Jobs,2026-07-06T19:40:55.821713+00:00,https://example-jobs.invalid/job/160,business intelligence analyst,2026-07-06T22:40:55.821713+00:00
synthetic-00161,Head of Data - Willowmere Telecom,Willowmere Telecom,Manchester,North West England,"Willowmere Telecom is hiring a Head of Data to help shape our data strategy. You will bring the following: Data Modeling, Stakeholder Management, AWS, Agile, Machine Learning, SQL, Project Management. This role offers excellent progression opportunities within a supportive team.",,,False,permanent,part_time,IT Jobs,2026-07-04T13:40:55.821713+00:00,https://example-jobs.invalid/job/161,head of data,2026-07-05T06:40:55.821713+00:00
synthetic-00162,Data Scientist - Thistledown Public Sector,Thistledown Public Sector,Manchester,North West England,"We are looking for a Data Scientist to join our growing data team in Manchester. You will bring the following: scikit-learn, SQL, Machine Learning, Statistical Analysis, Python. Apply now via the link below to find out more &amp; join our team!",,,False,contract,full_time,IT Jobs,2026-07-09T20:40:55.821713+00:00,https://example-jobs.invalid/job/162,data scientist,2026-07-10T21:40:55.821713+00:00
synthetic-00163,Data Engineer,Northbridge Data Co,Cambridge,East of England,Exciting opportunity for a Data Engineer to make an impact at a fast-growing company based in Cambridge. <p>Key skills and experience:</p><ul><li>SQL</li><li>Spark</li><li>Docker</li><li>AWS</li><li>ETL/ELT</li><li>Python</li><li>Airflow</li></ul> Apply now via the link below to find out more &amp; join our team!,65200.0,76600.0,False,contract,full_time,IT Jobs,2026-07-27T20:40:55.821713+00:00,https://example-jobs.invalid/job/163,data engineer,2026-07-28T02:40:55.821713+00:00
synthetic-00164,Machine Learning Engineer - Hawksmoor Consulting,Hawksmoor Consulting,Edinburgh,Scotland,"Exciting opportunity for a Machine Learning Engineer to make an impact at a fast-growing company based in Edinburgh. <p>Key skills and experience:</p><ul><li>Python</li><li>PyTorch</li><li>CI/CD</li><li>Docker</li><li>MLOps</li><li>TensorFlow</li><li>Machine Learning</li><li>AWS</li><li>Git</li></ul> <p>We offer a competitive salary, hybrid working, and 25 days holiday.</p>",70700.0,83000.0,False,permanent,part_time,IT Jobs,2026-06-26T22:40:55.821713+00:00,https://example-jobs.invalid/job/164,machine learning engineer,2026-06-27T08:40:55.821713+00:00
synthetic-00165,Senior Data Analyst - Coppergate Fintech,Coppergate Fintech,Leeds,Yorkshire and the Humber,Exciting opportunity for a Senior Data Analyst to make an impact at a fast-growing company based in Leeds. <p>Key skills and experience:</p><ul><li>Snowflake</li><li>Python</li><li>Statistical Analysis</li><li>dbt</li><li>SQL</li><li>Forecasting</li><li>Stakeholder Management</li><li>Tableau</li><li>Power BI</li></ul> This role offers excellent progression opportunities within a supportive team.,44700.0,52500.0,False,contract,part_time,IT Jobs,2026-06-20T20:40:55.821713+00:00,https://example-jobs.invalid/job/165,senior data analyst,2026-06-21T21:40:55.821713+00:00
synthetic-00166,Data Engineer - Brightfield Analytics,Brightfield Analytics,Cambridge,East of England,"We are looking for a Data Engineer to join our growing data team in Cambridge. You will bring the following: SQL, Docker, dbt, Python, CI/CD, Airflow, ETL/ELT, Spark, AWS. This role offers excellent progression opportunities within a supportive team.",43200.0,50700.0,False,contract,part_time,IT Jobs,2026-06-25T06:40:55.821713+00:00,https://example-jobs.invalid/job/166,data engineer,2026-06-26T18:40:55.821713+00:00
synthetic-00167,Analytics Engineer,Hawksmoor Consulting,Cambridge,East of England,"Hawksmoor Consulting is hiring a Analytics Engineer to help shape our data strategy. You will bring the following: dbt, Data Modeling, BigQuery, Snowflake, SQL, Python. This role offers excellent progression opportunities within a supportive team.",,,False,contract,full_time,IT Jobs,2026-06-23T09:40:55.821713+00:00,https://example-jobs.invalid/job/167,analytics engineer,2026-06-23T17:40:55.821713+00:00
synthetic-00168,Data Engineer,Ironbridge Manufacturing,Bristol,South West England,Ironbridge Manufacturing is hiring a Data Engineer to help shape our data strategy. <p>Key skills and experience:</p><ul><li>AWS</li><li>Docker</li><li>Airflow</li><li>SQL</li><li>ETL/ELT</li><li>Kubernetes</li><li>Spark</li><li>Python</li></ul> This role offers excellent progression opportunities within a supportive team.,,,False,contract,part_time,IT Jobs,2026-07-28T11:40:55.821713+00:00,https://example-jobs.invalid/job/168,data engineer,2026-07-29T12:40:55.821713+00:00
synthetic-00169,Analytics Engineer,Willowmere Telecom,Cambridge,East of England,We are looking for a Analytics Engineer to join our growing data team in Cambridge. <p>Key skills and experience:</p><ul><li>Python</li><li>dbt</li><li>SQL</li><li>Snowflake</li><li>Data Modeling</li></ul> This role offers excellent progression opportunities within a supportive team.,,,False,contract,part_time,IT Jobs,2026-07-26T10:40:55.821713+00:00,https://example-jobs.invalid/job/169,analytics engineer,2026-07-27T23:40:55.821713+00:00
synthetic-00170,Machine Learning Engineer,Orbital Logistics,Leeds,Yorkshire and the Humber,"Exciting opportunity for a Machine Learning Engineer to make an impact at a fast-growing company based in Leeds. You will bring the following: TensorFlow, MLOps, Git, LLMs / GenAI, Machine Learning, Kubernetes, AWS, Python, PyTorch, Docker, CI/CD. <p>We offer a competitive salary, hybrid working, and 25 days holiday.</p>",60600.0,71200.0,False,permanent,full_time,IT Jobs,2026-07-13T04:40:55.821713+00:00,https://example-jobs.invalid/job/170,machine learning engineer,2026-07-13T22:40:55.821713+00:00
synthetic-00171,Data Engineer,Thistledown Public Sector,Leeds,Yorkshire and the Humber,"We are looking for a Data Engineer to join our growing data team in Leeds. You will bring the following: Python, Docker, Airflow, AWS, dbt, CI/CD, Snowflake, Spark, SQL, ETL/ELT. <p>We offer a competitive salary, hybrid working, and 25 days holiday.</p>",50400.0,59100.0,False,permanent,full_time,IT Jobs,2026-06-30T01:40:55.821713+00:00,https://example-jobs.invalid/job/171,data engineer,2026-06-30T10:40:55.821713+00:00
synthetic-00172,Senior Data Engineer - Coppergate Fintech,Coppergate Fintech,Bristol,South West England,Exciting opportunity for a Senior Data Engineer to make an impact at a fast-growing company based in Bristol. <p>Key skills and experience:</p><ul><li>SQL</li><li>AWS</li><li>Docker</li><li>Spark</li><li>Kubernetes</li><li>ETL/ELT</li><li>Python</li><li>Airflow</li></ul> Apply now via the link below to find out more &amp; join our team!,79900.0,93800.0,False,contract,part_time,IT Jobs,2026-06-22T10:40:55.821713+00:00,https://example-jobs.invalid/job/172,senior data engineer,2026-06-24T06:40:55.821713+00:00
synthetic-00173,Head of Data - Kestrel Insurance Group,Kestrel Insurance Group,Cambridge,East of England,We are looking for a Head of Data to join our growing data team in Cambridge. <p>Key skills and experience:</p><ul><li>Data Modeling</li><li>AWS</li><li>Agile</li><li>Machine Learning</li><li>Stakeholder Management</li><li>SQL</li><li>Project Management</li></ul> This role offers excellent progression opportunities within a supportive team.,,,False,permanent,part_time,IT Jobs,2026-07-19T06:40:55.821713+00:00,https://example-jobs.invalid/job/173,head of data,2026-07-21T00:40:55.821713+00:00
synthetic-00174,Machine Learning Engineer - Brightfield Analytics,Brightfield Analytics,Reading,South East England,Exciting opportunity for a Machine Learning Engineer to make an impact at a fast-growing company based in Reading. <p>Key skills and experience:</p><ul><li>CI/CD</li><li>Python</li><li>Machine Learning</li><li>Git</li><li>Docker</li><li>TensorFlow</li><li>PyTorch</li><li>LLMs / GenAI</li><li>Kubernetes</li><li>MLOps</li><li>AWS</li></ul> This role offers excellent progression opportunities within a supportive team.,,,False,contract,part_time,IT Jobs,2026-07-06T19:40:55.821713+00:00,https://example-jobs.invalid/job/174,machine learning engineer,2026-07-07T02:40:55.821713+00:00
synthetic-00175,Data Scientist - Marlow Digital,Marlow Digital,Manchester,North West England,Exciting opportunity for a Data Scientist to make an impact at a fast-growing company based in Manchester. <p>Key skills and experience:</p><ul><li>Python</li><li>Machine Learning</li><li>Statistical Analysis</li><li>scikit-learn</li><li>SQL</li></ul> This role offers excellent progression opportunities within a supportive team.,,,False,permanent,full_time,IT Jobs,2026-06-21T04:40:55.821713+00:00,https://example-jobs.invalid/job/175,data scientist,2026-06-21T17:40:55.821713+00:00
synthetic-00176,Head of Data,Veridian Energy,Glasgow,Scotland,Exciting opportunity for a Head of Data to make an impact at a fast-growing company based in Glasgow. <p>Key skills and experience:</p><ul><li>Agile</li><li>SQL</li><li>Project Management</li><li>Data Modeling</li><li>Stakeholder Management</li><li>AWS</li></ul> This role offers excellent progression opportunities within a supportive team.,102900.0,120800.0,False,permanent,part_time,IT Jobs,2026-06-26T07:40:55.821713+00:00,https://example-jobs.invalid/job/176,head of data,2026-06-27T05:40:55.821713+00:00
synthetic-00177,Senior Data Scientist - Solstice Bank,Solstice Bank,Reading,South East England,"Solstice Bank is hiring a Senior Data Scientist to help shape our data strategy. You will bring the following: Statistical Analysis, scikit-learn, PyTorch, Machine Learning, SQL, Python, Deep Learning. <p>We offer a competitive salary, hybrid working, and 25 days holiday.</p>",,,False,permanent,part_time,IT Jobs,2026-07-10T17:40:55.821713+00:00,https://example-jobs.invalid/job/177,senior data scientist,2026-07-10T23:40:55.821713+00:00
synthetic-00178,Machine Learning Engineer,Ferngate Health,Birmingham,West Midlands,"Exciting opportunity for a Machine Learning Engineer to make an impact at a fast-growing company based in Birmingham. You will bring the following: Machine Learning, MLOps, Docker, Git, AWS, Python, LLMs / GenAI, Kubernetes. This role offers excellent progression opportunities within a supportive team.",79200.0,92900.0,False,permanent,full_time,IT Jobs,2026-07-07T21:40:55.821713+00:00,https://example-jobs.invalid/job/178,machine learning engineer,2026-07-08T17:40:55.821713+00:00
synthetic-00179,Senior Data Engineer,Orbital Logistics,Birmingham,West Midlands,"We are looking for a Senior Data Engineer to join our growing data team in Birmingham. You will bring the following: Git, AWS, CI/CD, Airflow, Kubernetes, Python, Databricks, Kafka, Spark, Docker, ETL/ELT, SQL. <p>We offer a competitive salary, hybrid working, and 25 days holiday.</p>",72800.0,85500.0,False,contract,part_time,IT Jobs,2026-07-27T09:40:55.821713+00:00,https://example-jobs.invalid/job/179,senior data engineer,2026-07-29T01:40:55.821713+00:00
synthetic-00180,Machine Learning Engineer - Orbital Logistics,Orbital Logistics,Cambridge,East of England,"We are looking for a Machine Learning Engineer to join our growing data team in Cambridge. You will bring the following: Git, AWS, Docker, Machine Learning, MLOps, Python. This role offers excellent progression opportunities within a supportive team.",54500.0,63900.0,False,contract,part_time,IT Jobs,2026-07-31T17:40:55.821713+00:00,https://example-jobs.invalid/job/180,machine learning engineer,2026-08-02T16:40:55.821713+00:00
synthetic-00181,Data Engineer - Orbital Logistics,Orbital Logistics,Manchester,North West England,"Exciting opportunity for a Data Engineer to make an impact at a fast-growing company based in Manchester. You will bring the following: Spark, dbt, SQL, Airflow, ETL/ELT, Snowflake, Docker, CI/CD, Kafka, AWS, Python. Apply now via the link below to find out more &amp; join our team!",61100.0,71700.0,False,permanent,full_time,IT Jobs,2026-07-20T08:40:55.821713+00:00,https://example-jobs.invalid/job/181,data engineer,2026-07-21T10:40:55.821713+00:00
synthetic-00182,Senior Data Engineer - Hawksmoor Consulting,Hawksmoor Consulting,London,London,"Exciting opportunity for a Senior Data Engineer to make an impact at a fast-growing company based in London. <p>Key skills and experience:</p><ul><li>SQL</li><li>Spark</li><li>Airflow</li><li>CI/CD</li><li>Docker</li><li>ETL/ELT</li><li>Kafka</li><li>Python</li><li>Databricks</li><li>AWS</li><li>Git</li><li>Kubernetes</li></ul> <p>We offer a competitive salary, hybrid working, and 25 days holiday.</p>",80800.0,94800.0,False,permanent,part_time,IT Jobs,2026-07-01T15:40:55.821713+00:00,https://example-jobs.invalid/job/182,senior data engineer,2026-07-02T01:40:55.821713+00:00
synthetic-00183,Machine Learning Engineer - Veridian Energy,Veridian Energy,Manchester,North West England,"Exciting opportunity for a Machine Learning Engineer to make an impact at a fast-growing company based in Manchester. You will bring the following: PyTorch, Git, Docker, TensorFlow, AWS, Kubernetes, Python, MLOps, Machine Learning, CI/CD. <p>We offer a competitive salary, hybrid working, and 25 days holiday.</p>",68700.0,80600.0,False,contract,full_time,IT Jobs,2026-07-06T04:40:55.821713+00:00,https://example-jobs.invalid/job/183,machine learning engineer,2026-07-06T15:40:55.821713+00:00
synthetic-00184,Business Intelligence Analyst,Palmer & Vance Retail,Birmingham,West Midlands,"We are looking for a Business Intelligence Analyst to join our growing data team in Birmingham. You will bring the following: Power BI, Data Modeling, Excel, SQL. This role offers excellent progression opportunities within a supportive team.",43600.0,51200.0,False,permanent,part_time,IT Jobs,2026-07-26T21:40:55.821713+00:00,https://example-jobs.invalid/job/184,business intelligence analyst,2026-07-27T02:40:55.821713+00:00
synthetic-00185,Senior Data Engineer - Solstice Bank,Solstice Bank,Cambridge,East of England,"We are looking for a Senior Data Engineer to join our growing data team in Cambridge. You will bring the following: Airflow, ETL/ELT, Kafka, AWS, Docker, Git, Kubernetes, Python, Spark, SQL. <p>We offer a competitive salary, hybrid working, and 25 days holiday.</p>",73400.0,86200.0,False,contract,part_time,IT Jobs,2026-07-23T16:40:55.821713+00:00,https://example-jobs.invalid/job/185,senior data engineer,2026-07-25T10:40:55.821713+00:00
synthetic-00186,Head of Data,Willowmere Telecom,Leeds,Yorkshire and the Humber,We are looking for a Head of Data to join our growing data team in Leeds. <p>Key skills and experience:</p><ul><li>Data Modeling</li><li>Stakeholder Management</li><li>Project Management</li><li>SQL</li></ul> Apply now via the link below to find out more &amp; join our team!,97600.0,114600.0,False,permanent,full_time,IT Jobs,2026-07-07T15:40:55.821713+00:00,https://example-jobs.invalid/job/186,head of data,2026-07-08T22:40:55.821713+00:00
synthetic-00187,Data Engineer - Coppergate Fintech,Coppergate Fintech,London,London,"Exciting opportunity for a Data Engineer to make an impact at a fast-growing company based in London. You will bring the following: Airflow, SQL, Python, Docker, Kafka, Spark, AWS, ETL/ELT. This role offers excellent progression opportunities within a supportive team.",,,False,contract,part_time,IT Jobs,2026-07-23T22:40:55.821713+00:00,https://example-jobs.invalid/job/187,data engineer,2026-07-25T06:40:55.821713+00:00
synthetic-00188,Data Analyst - Solstice Bank,Solstice Bank,Manchester,North West England,Exciting opportunity for a Data Analyst to make an impact at a fast-growing company based in Manchester. <p>Key skills and experience:</p><ul><li>Stakeholder Management</li><li>Python</li><li>Excel</li><li>SQL</li><li>Statistical Analysis</li><li>Power BI</li><li>Tableau</li></ul> This role offers excellent progression opportunities within a supportive team.,,,False,permanent,part_time,IT Jobs,2026-07-22T20:40:55.821713+00:00,https://example-jobs.invalid/job/188,data analyst,2026-07-24T12:40:55.821713+00:00
synthetic-00189,Business Intelligence Analyst,Northbridge Data Co,Edinburgh,Scotland,"Exciting opportunity for a Business Intelligence Analyst to make an impact at a fast-growing company based in Edinburgh. You will bring the following: Tableau, Data Modeling, Azure, Power BI, Qlik, SQL, Excel. <p>We offer a competitive salary, hybrid working, and 25 days holiday.</p>",37300.0,43800.0,False,contract,part_time,IT Jobs,2026-06-25T23:40:55.821713+00:00,https://example-jobs.invalid/job/189,business intelligence analyst,2026-06-26T05:40:55.821713+00:00
synthetic-00190,Senior Data Analyst,Thistledown Public Sector,Cambridge,East of England,"We are looking for a Senior Data Analyst to join our growing data team in Cambridge. You will bring the following: Python, Tableau, Stakeholder Management, Statistical Analysis, Power BI, SQL. This role offers excellent progression opportunities within a supportive team.",,,False,contract,part_time,IT Jobs,2026-06-29T20:40:55.821713+00:00,https://example-jobs.invalid/job/190,senior data analyst,2026-06-30T10:40:55.821713+00:00
synthetic-00191,Senior Data Scientist,Coppergate Fintech,London,London,"Coppergate Fintech is hiring a Senior Data Scientist to help shape our data strategy. <p>Key skills and experience:</p><ul><li>Python</li><li>Machine Learning</li><li>MLOps</li><li>SQL</li><li>Statistical Analysis</li><li>scikit-learn</li><li>Deep Learning</li></ul> <p>We offer a competitive salary, hybrid working, and 25 days holiday.</p>",,,False,contract,part_time,IT Jobs,2026-07-18T13:40:55.821713+00:00,https://example-jobs.invalid/job/191,senior data scientist,2026-07-19T11:40:55.821713+00:00
synthetic-00192,Senior Data Analyst - Willowmere Telecom,Willowmere Telecom,London,London,We are looking for a Senior Data Analyst to join our growing data team in London. <p>Key skills and experience:</p><ul><li>Tableau</li><li>Statistical Analysis</li><li>dbt</li><li>SQL</li><li>Power BI</li><li>Stakeholder Management</li><li>Python</li></ul> Apply now via the link below to find out more &amp; join our team!,39100.0,45900.0,False,contract,full_time,IT Jobs,2026-07-19T15:40:55.821713+00:00,https://example-jobs.invalid/job/192,senior data analyst,2026-07-20T13:40:55.821713+00:00
synthetic-00193,Head of Data - Ironbridge Manufacturing,Ironbridge Manufacturing,Manchester,North West England,"Ironbridge Manufacturing is hiring a Head of Data to help shape our data strategy. You will bring the following: AWS, Project Management, SQL, Data Modeling, Agile, Machine Learning, Stakeholder Management. <p>We offer a competitive salary, hybrid working, and 25 days holiday.</p>",,,False,contract,part_time,IT Jobs,2026-07-20T14:40:55.821713+00:00,https://example-jobs.invalid/job/193,head of data,2026-07-20T23:40:55.821713+00:00
synthetic-00194,Machine Learning Engineer,Willowmere Telecom,"Remote, UK",Remote,"Willowmere Telecom is hiring a Machine Learning Engineer to help shape our data strategy. You will bring the following: Python, Machine Learning, AWS, LLMs / GenAI, TensorFlow, Git, MLOps, PyTorch, CI/CD, Docker, Kubernetes. This role offers excellent progression opportunities within a supportive team.",,,False,contract,full_time,IT Jobs,2026-07-20T07:40:55.821713+00:00,https://example-jobs.invalid/job/194,machine learning engineer,2026-07-21T23:40:55.821713+00:00
synthetic-00195,Data Engineer - Crestline Media,Crestline Media,Reading,South East England,Crestline Media is hiring a Data Engineer to help shape our data strategy. <p>Key skills and experience:</p><ul><li>SQL</li><li>Airflow</li><li>dbt</li><li>Spark</li><li>Docker</li><li>Snowflake</li><li>Kubernetes</li><li>Python</li><li>ETL/ELT</li><li>AWS</li><li>Kafka</li><li>CI/CD</li></ul> Apply now via the link below to find out more &amp; join our team!,,,False,permanent,part_time,IT Jobs,2026-07-22T04:40:55.821713+00:00,https://example-jobs.invalid/job/195,data engineer,2026-07-24T00:40:55.821713+00:00
synthetic-00196,Senior Data Engineer - Brightfield Analytics,Brightfield Analytics,Reading,South East England,"Brightfield Analytics is hiring a Senior Data Engineer to help shape our data strategy. You will bring the following: Spark, SQL, Python, ETL/ELT, AWS, Kubernetes, Docker, Airflow, Git, Kafka. Apply now via the link below to find out more &amp; join our team!",62800.0,73700.0,False,contract,full_time,IT Jobs,2026-07-11T20:40:55.821713+00:00,https://example-jobs.invalid/job/196,senior data engineer,2026-07-12T00:40:55.821713+00:00
synthetic-00197,Head of Data - Coppergate Fintech,Coppergate Fintech,Cambridge,East of England,Exciting opportunity for a Head of Data to make an impact at a fast-growing company based in Cambridge. <p>Key skills and experience:</p><ul><li>Data Modeling</li><li>Stakeholder Management</li><li>Agile</li><li>Project Management</li><li>SQL</li></ul> This role offers excellent progression opportunities within a supportive team.,75000.0,88100.0,False,permanent,part_time,IT Jobs,2026-07-20T14:40:55.821713+00:00,https://example-jobs.invalid/job/197,head of data,2026-07-21T23:40:55.821713+00:00
synthetic-00198,Data Scientist,Solstice Bank,Reading,South East England,"Solstice Bank is hiring a Data Scientist to help shape our data strategy. You will bring the following: Statistical Analysis, NLP, Machine Learning, Python, SQL, scikit-learn. <p>We offer a competitive salary, hybrid working, and 25 days holiday.</p>",53900.0,63200.0,False,contract,part_time,IT Jobs,2026-07-11T18:40:55.821713+00:00,https://example-jobs.invalid/job/198,data scientist,2026-07-11T22:40:55.821713+00:00
synthetic-00199,Head of Data - Ferngate Health,Ferngate Health,Reading,South East England,"We are looking for a Head of Data to join our growing data team in Reading. You will bring the following: Project Management, Stakeholder Management, Data Modeling, SQL. This role offers excellent progression opportunities within a supportive team.",88100.0,103400.0,False,permanent,full_time,IT Jobs,2026-06-27T20:40:55.821713+00:00,https://example-jobs.invalid/job/199,head of data,2026-06-28T22:40:55.821713+00:00
synthetic-00200,Senior Data Scientist,Ferngate Health,Birmingham,West Midlands,Exciting opportunity for a Senior Data Scientist to make an impact at a fast-growing company based in Birmingham. <p>Key skills and experience:</p><ul><li>SQL</li><li>Machine Learning</li><li>Deep Learning</li><li>PyTorch</li><li>Python</li><li>Statistical Analysis</li><li>scikit-learn</li><li>LLMs / GenAI</li></ul> This role offers excellent progression opportunities within a supportive team.,,,False,contract,part_time,IT Jobs,2026-06-23T06:40:55.821713+00:00,https://example-jobs.invalid/job/200,senior data scientist,2026-06-23T09:40:55.821713+00:00
synthetic-00201,Senior Data Analyst,Solstice Bank,Glasgow,Scotland,We are looking for a Senior Data Analyst to join our growing data team in Glasgow. <p>Key skills and experience:</p><ul><li>Statistical Analysis</li><li>Stakeholder Management</li><li>Snowflake</li><li>Python</li><li>Tableau</li><li>SQL</li><li>Power BI</li><li>dbt</li></ul> This role offers excellent progression opportunities within a supportive team.,48000.0,56300.0,False,permanent,part_time,IT Jobs,2026-06-22T11:40:55.821713+00:00,https://example-jobs.invalid/job/201,senior data analyst,2026-06-23T01:40:55.821713+00:00
synthetic-00202,Senior Data Analyst,Crestline Media,Bristol,South West England,"We are looking for a Senior Data Analyst to join our growing data team in Bristol. You will bring the following: Python, Forecasting, Power BI, Statistical Analysis, dbt, Tableau, Stakeholder Management, Snowflake, SQL. This role offers excellent progression opportunities within a supportive team.",55300.0,65000.0,False,contract,part_time,IT Jobs,2026-07-18T05:40:55.821713+00:00,https://example-jobs.invalid/job/202,senior data analyst,2026-07-19T08:40:55.821713+00:00
synthetic-00203,Senior Data Scientist,Orbital Logistics,London,London,"Orbital Logistics is hiring a Senior Data Scientist to help shape our data strategy. You will bring the following: Machine Learning, SQL, Deep Learning, Statistical Analysis, Python, scikit-learn. Apply now via the link below to find out more &amp; join our team!",,,False,permanent,part_time,IT Jobs,2026-07-26T04:40:55.821713+00:00,https://example-jobs.invalid/job/203,senior data scientist,2026-07-28T00:40:55.821713+00:00
synthetic-00204,Business Intelligence Analyst,Orbital Logistics,Glasgow,Scotland,"We are looking for a Business Intelligence Analyst to join our growing data team in Glasgow. You will bring the following: Power BI, Excel, SQL, Data Modeling. This role offers excellent progression opportunities within a supportive team.",34000.0,39900.0,False,contract,full_time,IT Jobs,2026-06-22T09:40:55.821713+00:00,https://example-jobs.invalid/job/204,business intelligence analyst,2026-06-23T05:40:55.821713+00:00
synthetic-00205,Analytics Engineer,Kestrel Insurance Group,Reading,South East England,"Kestrel Insurance Group is hiring a Analytics Engineer to help shape our data strategy. You will bring the following: Snowflake, dbt, Python, Data Modeling, SQL. <p>We offer a competitive salary, hybrid working, and 25 days holiday.</p>",51600.0,60600.0,False,permanent,full_time,IT Jobs,2026-07-10T07:40:55.821713+00:00,https://example-jobs.invalid/job/205,analytics engineer,2026-07-11T10:40:55.821713+00:00
synthetic-00206,Data Engineer,Hawksmoor Consulting,Bristol,South West England,Exciting opportunity for a Data Engineer to make an impact at a fast-growing company based in Bristol. <p>Key skills and experience:</p><ul><li>Kafka</li><li>Docker</li><li>SQL</li><li>Kubernetes</li><li>Spark</li><li>AWS</li><li>ETL/ELT</li><li>Python</li><li>Airflow</li></ul> This role offers excellent progression opportunities within a supportive team.,,,False,permanent,full_time,IT Jobs,2026-07-11T02:40:55.821713+00:00,https://example-jobs.invalid/job/206,data engineer,2026-07-11T11:40:55.821713+00:00
synthetic-00207,Data Scientist - Northbridge Data Co,Northbridge Data Co,"Remote, UK",Remote,"Northbridge Data Co is hiring a Data Scientist to help shape our data strategy. You will bring the following: Python, Machine Learning, scikit-learn, SQL, A/B Testing, Statistical Analysis. This role offers excellent progression opportunities within a supportive team.",,,False,permanent,full_time,IT Jobs,2026-07-12T00:40:55.821713+00:00,https://example-jobs.invalid/job/207,data scientist,2026-07-12T11:40:55.821713+00:00
synthetic-00208,Machine Learning Engineer - Coppergate Fintech,Coppergate Fintech,Leeds,Yorkshire and the Humber,"We are looking for a Machine Learning Engineer to join our growing data team in Leeds. You will bring the following: Git, Python, Machine Learning, MLOps, Docker, PyTorch, AWS, Kubernetes. <p>We offer a competitive salary, hybrid working, and 25 days holiday.</p>",,,False,permanent,full_time,IT Jobs,2026-07-23T20:40:55.821713+00:00,https://example-jobs.invalid/job/208,machine learning engineer,2026-07-24T09:40:55.821713+00:00
synthetic-00209,Data Analyst,Veridian Energy,Reading,South East England,"We are looking for a Data Analyst to join our growing data team in Reading. You will bring the following: Excel, SQL, Power BI, Python, Statistical Analysis. This role offers excellent progression opportunities within a supportive team.",,,False,contract,part_time,IT Jobs,2026-06-27T22:40:55.821713+00:00,https://example-jobs.invalid/job/209,data analyst,2026-06-29T16:40:55.821713+00:00
synthetic-00210,Senior Data Engineer,Thistledown Public Sector,"Remote, UK",Remote,"Thistledown Public Sector is hiring a Senior Data Engineer to help shape our data strategy. You will bring the following: ETL/ELT, Kubernetes, Docker, Python, AWS, Spark, Airflow, SQL, Git, Databricks. This role offers excellent progression opportunities within a supportive team.",80700.0,94700.0,False,permanent,part_time,IT Jobs,2026-07-22T08:40:55.821713+00:00,https://example-jobs.invalid/job/210,senior data engineer,2026-07-23T21:40:55.821713+00:00
synthetic-00211,Senior Data Scientist,Palmer & Vance Retail,London,London,"Exciting opportunity for a Senior Data Scientist to make an impact at a fast-growing company based in London. You will bring the following: PyTorch, NLP, scikit-learn, Deep Learning, Machine Learning, MLOps, Python, SQL, Statistical Analysis. <p>We offer a competitive salary, hybrid working, and 25 days holiday.</p>",,,False,contract,part_time,IT Jobs,2026-07-12T10:40:55.821713+00:00,https://example-jobs.invalid/job/211,senior data scientist,2026-07-14T08:40:55.821713+00:00
synthetic-00212,Head of Data,Hawksmoor Consulting,Reading,South East England,"Hawksmoor Consulting is hiring a Head of Data to help shape our data strategy. <p>Key skills and experience:</p><ul><li>Project Management</li><li>Stakeholder Management</li><li>Machine Learning</li><li>SQL</li><li>Data Modeling</li></ul> <p>We offer a competitive salary, hybrid working, and 25 days holiday.</p>",84100.0,98800.0,False,permanent,full_time,IT Jobs,2026-07-10T02:40:55.821713+00:00,https://example-jobs.invalid/job/212,head of data,2026-07-11T10:40:55.821713+00:00
synthetic-00213,Business Intelligence Analyst,Palmer & Vance Retail,Edinburgh,Scotland,We are looking for a Business Intelligence Analyst to join our growing data team in Edinburgh. <p>Key skills and experience:</p><ul><li>Power BI</li><li>Data Modeling</li><li>SQL</li><li>Excel</li></ul> This role offers excellent progression opportunities within a supportive team.,,,False,contract,full_time,IT Jobs,2026-07-24T16:40:55.821713+00:00,https://example-jobs.invalid/job/213,business intelligence analyst,2026-07-25T07:40:55.821713+00:00
synthetic-00214,Business Intelligence Analyst,Marlow Digital,Cambridge,East of England,We are looking for a Business Intelligence Analyst to join our growing data team in Cambridge. <p>Key skills and experience:</p><ul><li>Azure</li><li>Excel</li><li>SQL</li><li>Data Modeling</li><li>Power BI</li></ul> This role offers excellent progression opportunities within a supportive team.,30900.0,36200.0,False,permanent,full_time,IT Jobs,2026-06-21T21:40:55.821713+00:00,https://example-jobs.invalid/job/214,business intelligence analyst,2026-06-22T00:40:55.821713+00:00
synthetic-00215,Data Engineer,Willowmere Telecom,Leeds,Yorkshire and the Humber,"Exciting opportunity for a Data Engineer to make an impact at a fast-growing company based in Leeds. You will bring the following: SQL, Spark, Docker, Airflow, Python, CI/CD, AWS, ETL/ELT. Apply now via the link below to find out more &amp; join our team!",,,False,permanent,part_time,IT Jobs,2026-07-22T06:40:55.821713+00:00,https://example-jobs.invalid/job/215,data engineer,2026-07-23T09:40:55.821713+00:00
synthetic-00216,Data Engineer - Willowmere Telecom,Willowmere Telecom,Birmingham,West Midlands,We are looking for a Data Engineer to join our growing data team in Birmingham. <p>Key skills and experience:</p><ul><li>AWS</li><li>CI/CD</li><li>Docker</li><li>Spark</li><li>SQL</li><li>Kafka</li><li>Python</li><li>Airflow</li><li>dbt</li><li>ETL/ELT</li></ul> This role offers excellent progression opportunities within a supportive team.,,,False,permanent,full_time,IT Jobs,2026-06-27T21:40:55.821713+00:00,https://example-jobs.invalid/job/216,data engineer,2026-06-28T05:40:55.821713+00:00
synthetic-00217,Machine Learning Engineer,Orbital Logistics,Reading,South East England,Exciting opportunity for a Machine Learning Engineer to make an impact at a fast-growing company based in Reading. <p>Key skills and experience:</p><ul><li>Machine Learning</li><li>Python</li><li>MLOps</li><li>Docker</li><li>Git</li><li>CI/CD</li><li>TensorFlow</li><li>AWS</li></ul> Apply now via the link below to find out more &amp; join our team!,,,False,contract,part_time,IT Jobs,2026-07-27T04:40:55.821713+00:00,https://example-jobs.invalid/job/217,machine learning engineer,2026-07-28T19:40:55.821713+00:00
synthetic-00218,Senior Data Engineer,Thistledown Public Sector,London,London,"Exciting opportunity for a Senior Data Engineer to make an impact at a fast-growing company based in London. <p>Key skills and experience:</p><ul><li>Docker</li><li>Kubernetes</li><li>Spark</li><li>ETL/ELT</li><li>Airflow</li><li>Python</li><li>AWS</li><li>SQL</li></ul> <p>We offer a competitive salary, hybrid working, and 25 days holiday.</p>",67800.0,79600.0,False,contract,part_time,IT Jobs,2026-06-25T05:40:55.821713+00:00,https://example-jobs.invalid/job/218,senior data engineer,2026-06-25T22:40:55.821713+00:00
synthetic-00219,Head of Data,Veridian Energy,Leeds,Yorkshire and the Humber,Veridian Energy is hiring a Head of Data to help shape our data strategy. <p>Key skills and experience:</p><ul><li>Stakeholder Management</li><li>Machine Learning</li><li>Agile</li><li>Data Modeling</li><li>AWS</li><li>SQL</li><li>Project Management</li></ul> This role offers excellent progression opportunities within a supportive team.,81000.0,95100.0,False,contract,full_time,IT Jobs,2026-07-23T16:40:55.821713+00:00,https://example-jobs.invalid/job/219,head of data,2026-07-24T00:40:55.821713+00:00
synthetic-00220,Senior Data Analyst,Crestline Media,Bristol,South West England,"We are looking for a Senior Data Analyst to join our growing data team in Bristol. <p>Key skills and experience:</p><ul><li>Stakeholder Management</li><li>Statistical Analysis</li><li>Tableau</li><li>Power BI</li><li>Python</li><li>Snowflake</li><li>Forecasting</li><li>SQL</li><li>dbt</li></ul> <p>We offer a competitive salary, hybrid working, and 25 days holiday.</p>",55700.0,65400.0,False,contract,part_time,IT Jobs,2026-06-24T12:40:55.821713+00:00,https://example-jobs.invalid/job/220,senior data analyst,2026-06-26T11:40:55.821713+00:00
synthetic-00221,Head of Data,Ironbridge Manufacturing,London,London,"Ironbridge Manufacturing is hiring a Head of Data to help shape our data strategy. You will bring the following: Project Management, SQL, Stakeholder Management, Agile, Data Modeling. This role offers excellent progression opportunities within a supportive team.",110800.0,130000.0,False,permanent,full_time,IT Jobs,2026-07-29T18:40:55.821713+00:00,https://example-jobs.invalid/job/221,head of data,2026-07-31T03:40:55.821713+00:00
synthetic-00222,Data Analyst,Palmer & Vance Retail,Birmingham,West Midlands,"Exciting opportunity for a Data Analyst to make an impact at a fast-growing company based in Birmingham. You will bring the following: Python, Power BI, Statistical Analysis, SQL, Excel. Apply now via the link below to find out more &amp; join our team!",,,False,permanent,part_time,IT Jobs,2026-06-29T13:40:55.821713+00:00,https://example-jobs.invalid/job/222,data analyst,2026-07-01T13:40:55.821713+00:00
synthetic-00223,Analytics Engineer,Ferngate Health,"Remote, UK",Remote,"Exciting opportunity for a Analytics Engineer to make an impact at a fast-growing company based in Remote, UK. <p>Key skills and experience:</p><ul><li>BigQuery</li><li>SQL</li><li>Python</li><li>Airflow</li><li>Snowflake</li><li>dbt</li><li>Data Modeling</li></ul> This role offers excellent progression opportunities within a supportive team.",57100.0,67100.0,False,permanent,part_time,IT Jobs,2026-07-27T21:40:55.821713+00:00,https://example-jobs.invalid/job/223,analytics engineer,2026-07-28T16:40:55.821713+00:00
synthetic-00224,Analytics Engineer - Solstice Bank,Solstice Bank,"Remote, UK",Remote,"Exciting opportunity for a Analytics Engineer to make an impact at a fast-growing company based in Remote, UK. <p>Key skills and experience:</p><ul><li>Python</li><li>Data Modeling</li><li>dbt</li><li>SQL</li><li>Airflow</li><li>Snowflake</li><li>Git</li><li>BigQuery</li></ul> This role offers excellent progression opportunities within a supportive team.",,,False,contract,part_time,IT Jobs,2026-07-17T16:40:55.821713+00:00,https://example-jobs.invalid/job/224,analytics engineer,2026-07-19T13:40:55.821713+00:00
synthetic-00225,Senior Data Scientist,Crestline Media,Reading,South East England,"Exciting opportunity for a Senior Data Scientist to make an impact at a fast-growing company based in Reading. You will bring the following: scikit-learn, Python, SQL, Machine Learning, Deep Learning, Statistical Analysis. Apply now via the link below to find out more &amp; join our team!",80900.0,94900.0,False,contract,full_time,IT Jobs,2026-07-20T22:40:55.821713+00:00,https://example-jobs.invalid/job/225,senior data scientist,2026-07-21T19:40:55.821713+00:00
synthetic-00226,Senior Data Engineer - Thistledown Public Sector,Thistledown Public Sector,Cambridge,East of England,"We are looking for a Senior Data Engineer to join our growing data team in Cambridge. You will bring the following: Python, Databricks, Spark, ETL/ELT, Docker, Kubernetes, SQL, AWS, Airflow. <p>We offer a competitive salary, hybrid working, and 25 days holiday.</p>",,,False,permanent,part_time,IT Jobs,2026-06-19T22:40:55.821713+00:00,https://example-jobs.invalid/job/226,senior data engineer,2026-06-21T14:40:55.821713+00:00
synthetic-00227,Senior Data Scientist,Ferngate Health,"Remote, UK",Remote,"Exciting opportunity for a Senior Data Scientist to make an impact at a fast-growing company based in Remote, UK. You will bring the following: Deep Learning, LLMs / GenAI, Python, Statistical Analysis, PyTorch, Machine Learning, SQL, scikit-learn, NLP. <p>We offer a competitive salary, hybrid working, and 25 days holiday.</p>",78900.0,92600.0,False,permanent,part_time,IT Jobs,2026-07-06T16:40:55.821713+00:00,https://example-jobs.invalid/job/227,senior data scientist,2026-07-07T04:40:55.821713+00:00
synthetic-00228,Senior Data Scientist - Brightfield Analytics,Brightfield Analytics,London,London,"We are looking for a Senior Data Scientist to join our growing data team in London. You will bring the following: Statistical Analysis, Machine Learning, SQL, MLOps, Deep Learning, Python, scikit-learn. <p>We offer a competitive salary, hybrid working, and 25 days holiday.</p>",60700.0,71200.0,False,contract,full_time,IT Jobs,2026-06-23T03:40:55.821713+00:00,https://example-jobs.invalid/job/228,senior data scientist,2026-06-24T03:40:55.821713+00:00
synthetic-00229,Machine Learning Engineer,Ferngate Health,Birmingham,West Midlands,Exciting opportunity for a Machine Learning Engineer to make an impact at a fast-growing company based in Birmingham. <p>Key skills and experience:</p><ul><li>Git</li><li>CI/CD</li><li>MLOps</li><li>Machine Learning</li><li>TensorFlow</li><li>Python</li><li>Kubernetes</li><li>AWS</li><li>Docker</li></ul> This role offers excellent progression opportunities within a supportive team.,79300.0,93100.0,False,contract,part_time,IT Jobs,2026-08-01T08:40:55.821713+00:00,https://example-jobs.invalid/job/229,machine learning engineer,2026-08-02T11:40:55.821713+00:00
synthetic-00230,Data Scientist,Crestline Media,Leeds,Yorkshire and the Humber,Exciting opportunity for a Data Scientist to make an impact at a fast-growing company based in Leeds. <p>Key skills and experience:</p><ul><li>scikit-learn</li><li>Deep Learning</li><li>Machine Learning</li><li>A/B Testing</li><li>TensorFlow</li><li>SQL</li><li>NLP</li><li>Statistical Analysis</li><li>Python</li></ul> This role offers excellent progression opportunities within a supportive team.,,,False,contract,full_time,IT Jobs,2026-07-16T02:40:55.821713+00:00,https://example-jobs.invalid/job/230,data scientist,2026-07-16T04:40:55.821713+00:00
synthetic-00231,Head of Data,Veridian Energy,"Remote, UK",Remote,"Veridian Energy is hiring a Head of Data to help shape our data strategy. <p>Key skills and experience:</p><ul><li>Stakeholder Management</li><li>Project Management</li><li>Data Modeling</li><li>Machine Learning</li><li>SQL</li></ul> <p>We offer a competitive salary, hybrid working, and 25 days holiday.</p>",98400.0,115500.0,False,permanent,part_time,IT Jobs,2026-07-13T23:40:55.821713+00:00,https://example-jobs.invalid/job/231,head of data,2026-07-15T16:40:55.821713+00:00
synthetic-00232,Machine Learning Engineer - Hawksmoor Consulting,Hawksmoor Consulting,"Remote, UK",Remote,"Exciting opportunity for a Machine Learning Engineer to make an impact at a fast-growing company based in Remote, UK. You will bring the following: Python, Machine Learning, LLMs / GenAI, MLOps, CI/CD, TensorFlow, Docker, AWS, Git. Apply now via the link below to find out more &amp; join our team!",,,False,permanent,full_time,IT Jobs,2026-06-28T23:40:55.821713+00:00,https://example-jobs.invalid/job/232,machine learning engineer,2026-06-30T02:40:55.821713+00:00
synthetic-00233,Senior Data Engineer,Thistledown Public Sector,Leeds,Yorkshire and the Humber,Thistledown Public Sector is hiring a Senior Data Engineer to help shape our data strategy. <p>Key skills and experience:</p><ul><li>Spark</li><li>Kubernetes</li><li>Docker</li><li>AWS</li><li>Python</li><li>ETL/ELT</li><li>SQL</li><li>Airflow</li></ul> Apply now via the link below to find out more &amp; join our team!,82100.0,96400.0,False,permanent,part_time,IT Jobs,2026-07-27T10:40:55.821713+00:00,https://example-jobs.invalid/job/233,senior data engineer,2026-07-28T03:40:55.821713+00:00
synthetic-00234,Data Scientist,Palmer & Vance Retail,Bristol,South West England,Palmer & Vance Retail is hiring a Data Scientist to help shape our data strategy. <p>Key skills and experience:</p><ul><li>Statistical Analysis</li><li>SQL</li><li>Python</li><li>TensorFlow</li><li>scikit-learn</li><li>A/B Testing</li><li>Machine Learning</li></ul> Apply now via the link below to find out more &amp; join our team!,,,False,permanent,full_time,IT Jobs,2026-07-02T20:40:55.821713+00:00,https://example-jobs.invalid/job/234,data scientist,2026-07-03T14:40:55.821713+00:00
synthetic-00235,Head of Data,Marlow Digital,"Remote, UK",Remote,"Exciting opportunity for a Head of Data to make an impact at a fast-growing company based in Remote, UK. <p>Key skills and experience:</p><ul><li>AWS</li><li>SQL</li><li>Machine Learning</li><li>Stakeholder Management</li><li>Project Management</li><li>Agile</li><li>Data Modeling</li></ul> <p>We offer a competitive salary, hybrid working, and 25 days holiday.</p>",114800.0,134800.0,False,contract,full_time,IT Jobs,2026-07-31T21:40:55.821713+00:00,https://example-jobs.invalid/job/235,head of data,2026-08-01T06:40:55.821713+00:00
synthetic-00236,Business Intelligence Analyst - Solstice Bank,Solstice Bank,Cambridge,East of England,"We are looking for a Business Intelligence Analyst to join our growing data team in Cambridge. You will bring the following: Excel, SQL, Power BI, Data Modeling. <p>We offer a competitive salary, hybrid working, and 25 days holiday.</p>",35300.0,41400.0,False,contract,part_time,IT Jobs,2026-06-27T00:40:55.821713+00:00,https://example-jobs.invalid/job/236,business intelligence analyst,2026-06-28T02:40:55.821713+00:00
synthetic-00237,Senior Data Engineer,Northbridge Data Co,Leeds,Yorkshire and the Humber,Northbridge Data Co is hiring a Senior Data Engineer to help shape our data strategy. <p>Key skills and experience:</p><ul><li>Spark</li><li>Docker</li><li>Airflow</li><li>CI/CD</li><li>ETL/ELT</li><li>Python</li><li>SQL</li><li>Kubernetes</li><li>Git</li><li>Databricks</li><li>AWS</li></ul> Apply now via the link below to find out more &amp; join our team!,62800.0,73800.0,False,permanent,full_time,IT Jobs,2026-06-22T22:40:55.821713+00:00,https://example-jobs.invalid/job/237,senior data engineer,2026-06-23T11:40:55.821713+00:00
synthetic-00238,Analytics Engineer,Kestrel Insurance Group,London,London,"Kestrel Insurance Group is hiring a Analytics Engineer to help shape our data strategy. <p>Key skills and experience:</p><ul><li>Snowflake</li><li>dbt</li><li>SQL</li><li>Data Modeling</li><li>Python</li></ul> <p>We offer a competitive salary, hybrid working, and 25 days holiday.</p>",47100.0,55200.0,False,contract,part_time,IT Jobs,2026-07-01T07:40:55.821713+00:00,https://example-jobs.invalid/job/238,analytics engineer,2026-07-02T05:40:55.821713+00:00
synthetic-00239,Business Intelligence Analyst - Ferngate Health,Ferngate Health,London,London,Exciting opportunity for a Business Intelligence Analyst to make an impact at a fast-growing company based in London. <p>Key skills and experience:</p><ul><li>Excel</li><li>Data Modeling</li><li>SQL</li><li>Power BI</li></ul> Apply now via the link below to find out more &amp; join our team!,37300.0,43800.0,False,permanent,part_time,IT Jobs,2026-07-16T01:40:55.821713+00:00,https://example-jobs.invalid/job/239,business intelligence analyst,2026-07-16T02:40:55.821713+00:00
synthetic-00240,Business Intelligence Analyst,Thistledown Public Sector,Bristol,South West England,"Thistledown Public Sector is hiring a Business Intelligence Analyst to help shape our data strategy. You will bring the following: Excel, SQL, Data Modeling, Power BI. <p>We offer a competitive salary, hybrid working, and 25 days holiday.</p>",44500.0,52200.0,False,permanent,full_time,IT Jobs,2026-07-13T03:40:55.821713+00:00,https://example-jobs.invalid/job/240,business intelligence analyst,2026-07-13T14:40:55.821713+00:00
synthetic-00241,Data Scientist,Veridian Energy,Cambridge,East of England,Exciting opportunity for a Data Scientist to make an impact at a fast-growing company based in Cambridge. <p>Key skills and experience:</p><ul><li>SQL</li><li>scikit-learn</li><li>Statistical Analysis</li><li>TensorFlow</li><li>Machine Learning</li><li>NLP</li><li>Python</li></ul> Apply now via the link below to find out more &amp; join our team!,,,False,contract,full_time,IT Jobs,2026-07-07T06:40:55.821713+00:00,https://example-jobs.invalid/job/241,data scientist,2026-07-07T07:40:55.821713+00:00
synthetic-00242,Senior Data Scientist - Palmer & Vance Retail,Palmer & Vance Retail,Manchester,North West England,"We are looking for a Senior Data Scientist to join our growing data team in Manchester. <p>Key skills and experience:</p><ul><li>Machine Learning</li><li>MLOps</li><li>SQL</li><li>Deep Learning</li><li>scikit-learn</li><li>Statistical Analysis</li><li>Python</li></ul> <p>We offer a competitive salary, hybrid working, and 25 days holiday.</p>",,,False,contract,part_time,IT Jobs,2026-07-26T09:40:55.821713+00:00,https://example-jobs.invalid/job/242,senior data scientist,2026-07-27T17:40:55.821713+00:00
synthetic-00243,Senior Data Engineer - Thistledown Public Sector,Thistledown Public Sector,London,London,Thistledown Public Sector is hiring a Senior Data Engineer to help shape our data strategy. <p>Key skills and experience:</p><ul><li>SQL</li><li>Docker</li><li>Git</li><li>Airflow</li><li>Kubernetes</li><li>Spark</li><li>Kafka</li><li>CI/CD</li><li>ETL/ELT</li><li>Python</li><li>AWS</li></ul> This role offers excellent progression opportunities within a supportive team.,83600.0,98100.0,False,permanent,part_time,IT Jobs,2026-06-23T20:40:55.821713+00:00,https://example-jobs.invalid/job/243,senior data engineer,2026-06-24T07:40:55.821713+00:00
synthetic-00244,Data Scientist - Crestline Media,Crestline Media,Leeds,Yorkshire and the Humber,"We are looking for a Data Scientist to join our growing data team in Leeds. You will bring the following: Machine Learning, Python, SQL, Statistical Analysis, scikit-learn, TensorFlow, Deep Learning. Apply now via the link below to find out more &amp; join our team!",,,False,contract,full_time,IT Jobs,2026-07-17T03:40:55.821713+00:00,https://example-jobs.invalid/job/244,data scientist,2026-07-19T02:40:55.821713+00:00
synthetic-00245,Analytics Engineer - Ironbridge Manufacturing,Ironbridge Manufacturing,Cambridge,East of England,We are looking for a Analytics Engineer to join our growing data team in Cambridge. <p>Key skills and experience:</p><ul><li>SQL</li><li>dbt</li><li>Data Modeling</li><li>Snowflake</li><li>Git</li><li>Python</li></ul> This role offers excellent progression opportunities within a supportive team.,41600.0,48800.0,False,contract,full_time,IT Jobs,2026-07-24T08:40:55.821713+00:00,https://example-jobs.invalid/job/245,analytics engineer,2026-07-24T11:40:55.821713+00:00
synthetic-00246,Senior Data Analyst,Hawksmoor Consulting,London,London,We are looking for a Senior Data Analyst to join our growing data team in London. <p>Key skills and experience:</p><ul><li>Tableau</li><li>Forecasting</li><li>Power BI</li><li>dbt</li><li>Snowflake</li><li>Statistical Analysis</li><li>Python</li><li>Stakeholder Management</li><li>SQL</li></ul> This role offers excellent progression opportunities within a supportive team.,48000.0,56400.0,False,permanent,part_time,IT Jobs,2026-06-26T14:40:55.821713+00:00,https://example-jobs.invalid/job/246,senior data analyst,2026-06-27T17:40:55.821713+00:00
synthetic-00247,Analytics Engineer - Thistledown Public Sector,Thistledown Public Sector,London,London,"We are looking for a Analytics Engineer to join our growing data team in London. You will bring the following: dbt, Data Modeling, Snowflake, SQL, Python. This role offers excellent progression opportunities within a supportive team.",51800.0,60800.0,False,permanent,part_time,IT Jobs,2026-07-19T21:40:55.821713+00:00,https://example-jobs.invalid/job/247,analytics engineer,2026-07-21T16:40:55.821713+00:00
synthetic-00248,Senior Data Analyst,Ferngate Health,"Remote, UK",Remote,"Ferngate Health is hiring a Senior Data Analyst to help shape our data strategy. You will bring the following: Python, SQL, Stakeholder Management, dbt, Forecasting, Power BI, Statistical Analysis, Snowflake, Tableau. Apply now via the link below to find out more &amp; join our team!",,,False,contract,part_time,IT Jobs,2026-07-11T20:40:55.821713+00:00,https://example-jobs.invalid/job/248,senior data analyst,2026-07-12T17:40:55.821713+00:00
synthetic-00249,Senior Data Scientist - Palmer & Vance Retail,Palmer & Vance Retail,"Remote, UK",Remote,Palmer & Vance Retail is hiring a Senior Data Scientist to help shape our data strategy. <p>Key skills and experience:</p><ul><li>Machine Learning</li><li>scikit-learn</li><li>SQL</li><li>Deep Learning</li><li>LLMs / GenAI</li><li>Statistical Analysis</li><li>Python</li><li>PyTorch</li><li>NLP</li><li>MLOps</li></ul> Apply now via the link below to find out more &amp; join our team!,61700.0,72500.0,False,contract,full_time,IT Jobs,2026-07-18T07:40:55.821713+00:00,https://example-jobs.invalid/job/249,senior data scientist,2026-07-19T04:40:55.821713+00:00
synthetic-00250,Senior Data Analyst,Marlow Digital,London,London,"We are looking for a Senior Data Analyst to join our growing data team in London. You will bring the following: SQL, Snowflake, Power BI, Stakeholder Management, Python, Forecasting, Tableau, Statistical Analysis. This role offers excellent progression opportunities within a supportive team.",,,False,permanent,part_time,IT Jobs,2026-07-27T14:40:55.821713+00:00,https://example-jobs.invalid/job/250,senior data analyst,2026-07-28T11:40:55.821713+00:00
synthetic-00251,Head of Data,Hawksmoor Consulting,Manchester,North West England,"Exciting opportunity for a Head of Data to make an impact at a fast-growing company based in Manchester. You will bring the following: AWS, Data Modeling, Project Management, SQL, Machine Learning, Stakeholder Management. <p>We offer a competitive salary, hybrid working, and 25 days holiday.</p>",,,False,permanent,part_time,IT Jobs,2026-07-17T14:40:55.821713+00:00,https://example-jobs.invalid/job/251,head of data,2026-07-19T08:40:55.821713+00:00
synthetic-00252,Data Analyst,Crestline Media,Leeds,Yorkshire and the Humber,We are looking for a Data Analyst to join our growing data team in Leeds. <p>Key skills and experience:</p><ul><li>Statistical Analysis</li><li>SQL</li><li>Python</li><li>Excel</li><li>Power BI</li></ul> This role offers excellent progression opportunities within a supportive team.,,,False,permanent,part_time,IT Jobs,2026-07-03T18:40:55.821713+00:00,https://example-jobs.invalid/job/252,data analyst,2026-07-05T07:40:55.821713+00:00
synthetic-00253,Data Scientist,Kestrel Insurance Group,Glasgow,Scotland,Exciting opportunity for a Data Scientist to make an impact at a fast-growing company based in Glasgow. <p>Key skills and experience:</p><ul><li>scikit-learn</li><li>Machine Learning</li><li>SQL</li><li>A/B Testing</li><li>Statistical Analysis</li><li>Python</li></ul> This role offers excellent progression opportunities within a supportive team.,41500.0,48700.0,False,contract,part_time,IT Jobs,2026-07-24T09:40:55.821713+00:00,https://example-jobs.invalid/job/253,data scientist,2026-07-25T16:40:55.821713+00:00
synthetic-00254,Head of Data,Crestline Media,Bristol,South West England,"Crestline Media is hiring a Head of Data to help shape our data strategy. You will bring the following: AWS, Data Modeling, Project Management, SQL, Stakeholder Management. <p>We offer a competitive salary, hybrid working, and 25 days holiday.</p>",89100.0,104600.0,False,contract,part_time,IT Jobs,2026-07-06T00:40:55.821713+00:00,https://example-jobs.invalid/job/254,head of data,2026-07-07T00:40:55.821713+00:00
synthetic-00255,Head of Data - Ironbridge Manufacturing,Ironbridge Manufacturing,London,London,We are looking for a Head of Data to join our growing data team in London. <p>Key skills and experience:</p><ul><li>SQL</li><li>Stakeholder Management</li><li>Machine Learning</li><li>Project Management</li><li>Data Modeling</li><li>AWS</li></ul> Apply now via the link below to find out more &amp; join our team!,117000.0,137300.0,False,permanent,part_time,IT Jobs,2026-07-27T10:40:55.821713+00:00,https://example-jobs.invalid/job/255,head of data,2026-07-29T10:40:55.821713+00:00
synthetic-00256,Data Analyst,Thistledown Public Sector,Birmingham,West Midlands,Exciting opportunity for a Data Analyst to make an impact at a fast-growing company based in Birmingham. <p>Key skills and experience:</p><ul><li>Statistical Analysis</li><li>SQL</li><li>Excel</li><li>Python</li><li>Power BI</li></ul> This role offers excellent progression opportunities within a supportive team.,31700.0,37200.0,False,permanent,full_time,IT Jobs,2026-06-27T21:40:55.821713+00:00,https://example-jobs.invalid/job/256,data analyst,2026-06-28T14:40:55.821713+00:00
synthetic-00257,Machine Learning Engineer,Willowmere Telecom,"Remote, UK",Remote,"Willowmere Telecom is hiring a Machine Learning Engineer to help shape our data strategy. You will bring the following: LLMs / GenAI, Docker, Machine Learning, PyTorch, TensorFlow, Git, CI/CD, Python, Kubernetes, AWS, MLOps. This role offers excellent progression opportunities within a supportive team.",67300.0,79000.0,False,contract,full_time,IT Jobs,2026-07-26T13:40:55.821713+00:00,https://example-jobs.invalid/job/257,machine learning engineer,2026-07-27T08:40:55.821713+00:00
synthetic-00258,Machine Learning Engineer,Thistledown Public Sector,Reading,South East England,"Thistledown Public Sector is hiring a Machine Learning Engineer to help shape our data strategy. You will bring the following: Machine Learning, Git, MLOps, Python, AWS, Docker. This role offers excellent progression opportunities within a supportive team.",,,False,contract,part_time,IT Jobs,2026-07-31T12:40:55.821713+00:00,https://example-jobs.invalid/job/258,machine learning engineer,2026-08-01T04:40:55.821713+00:00
synthetic-00259,Business Intelligence Analyst,Thistledown Public Sector,Glasgow,Scotland,"We are looking for a Business Intelligence Analyst to join our growing data team in Glasgow. You will bring the following: SQL, Data Modeling, Power BI, Tableau, Excel. This role offers excellent progression opportunities within a supportive team.",42400.0,49700.0,False,permanent,part_time,IT Jobs,2026-07-28T17:40:55.821713+00:00,https://example-jobs.invalid/job/259,business intelligence analyst,2026-07-29T10:40:55.821713+00:00
synthetic-00260,Senior Data Engineer,Ferngate Health,Edinburgh,Scotland,"Exciting opportunity for a Senior Data Engineer to make an impact at a fast-growing company based in Edinburgh. You will bring the following: Python, Spark, Docker, Git, ETL/ELT, AWS, SQL, Kubernetes, Airflow, Kafka, Databricks. <p>We offer a competitive salary, hybrid working, and 25 days holiday.</p>",,,False,permanent,part_time,IT Jobs,2026-06-24T20:40:55.821713+00:00,https://example-jobs.invalid/job/260,senior data engineer,2026-06-26T16:40:55.821713+00:00
synthetic-00261,Analytics Engineer,Orbital Logistics,Edinburgh,Scotland,"We are looking for a Analytics Engineer to join our growing data team in Edinburgh. <p>Key skills and experience:</p><ul><li>Git</li><li>Snowflake</li><li>SQL</li><li>Python</li><li>dbt</li><li>Data Modeling</li></ul> <p>We offer a competitive salary, hybrid working, and 25 days holiday.</p>",,,False,contract,full_time,IT Jobs,2026-07-12T00:40:55.821713+00:00,https://example-jobs.invalid/job/261,analytics engineer,2026-07-13T03:40:55.821713+00:00
synthetic-00262,Senior Data Engineer,Kestrel Insurance Group,Manchester,North West England,"Kestrel Insurance Group is hiring a Senior Data Engineer to help shape our data strategy. You will bring the following: Spark, ETL/ELT, Kubernetes, Python, Docker, SQL, Kafka, Airflow, AWS. <p>We offer a competitive salary, hybrid working, and 25 days holiday.</p>",69800.0,82000.0,False,permanent,part_time,IT Jobs,2026-06-23T22:40:55.821713+00:00,https://example-jobs.invalid/job/262,senior data engineer,2026-06-25T20:40:55.821713+00:00
synthetic-00263,Business Intelligence Analyst - Kestrel Insurance Group,Kestrel Insurance Group,Cambridge,East of England,"Exciting opportunity for a Business Intelligence Analyst to make an impact at a fast-growing company based in Cambridge. You will bring the following: Excel, Data Modeling, Tableau, SQL, Power BI. <p>We offer a competitive salary, hybrid working, and 25 days holiday.</p>",,,False,contract,part_time,IT Jobs,2026-07-20T07:40:55.821713+00:00,https://example-jobs.invalid/job/263,business intelligence analyst,2026-07-20T12:40:55.821713+00:00
synthetic-00264,Senior Data Scientist,Willowmere Telecom,Cambridge,East of England,"Exciting opportunity for a Senior Data Scientist to make an impact at a fast-growing company based in Cambridge. You will bring the following: Statistical Analysis, Machine Learning, Deep Learning, MLOps, scikit-learn, Python, SQL. This role offers excellent progression opportunities within a supportive team.",,,False,permanent,full_time,IT Jobs,2026-06-27T21:40:55.821713+00:00,https://example-jobs.invalid/job/264,senior data scientist,2026-06-29T15:40:55.821713+00:00
synthetic-00265,Business Intelligence Analyst - Coppergate Fintech,Coppergate Fintech,Cambridge,East of England,Coppergate Fintech is hiring a Business Intelligence Analyst to help shape our data strategy. <p>Key skills and experience:</p><ul><li>SQL</li><li>Data Modeling</li><li>Excel</li><li>Power BI</li></ul> Apply now via the link below to find out more &amp; join our team!,47300.0,55600.0,False,contract,part_time,IT Jobs,2026-06-22T12:40:55.821713+00:00,https://example-jobs.invalid/job/265,business intelligence analyst,2026-06-23T01:40:55.821713+00:00
synthetic-00266,Data Scientist,Kestrel Insurance Group,Cambridge,East of England,"We are looking for a Data Scientist to join our growing data team in Cambridge. You will bring the following: Machine Learning, scikit-learn, Deep Learning, Python, TensorFlow, A/B Testing, Statistical Analysis, SQL. This role offers excellent progression opportunities within a supportive team.",61700.0,72400.0,False,permanent,part_time,IT Jobs,2026-07-07T00:40:55.821713+00:00,https://example-jobs.invalid/job/266,data scientist,2026-07-07T21:40:55.821713+00:00
synthetic-00267,Head of Data,Willowmere Telecom,Bristol,South West England,Willowmere Telecom is hiring a Head of Data to help shape our data strategy. <p>Key skills and experience:</p><ul><li>AWS</li><li>SQL</li><li>Data Modeling</li><li>Stakeholder Management</li><li>Project Management</li><li>Agile</li><li>Machine Learning</li></ul> Apply now via the link below to find out more &amp; join our team!,85200.0,100000.0,False,permanent,part_time,IT Jobs,2026-07-07T14:40:55.821713+00:00,https://example-jobs.invalid/job/267,head of data,2026-07-08T23:40:55.821713+00:00
synthetic-00268,Analytics Engineer - Brightfield Analytics,Brightfield Analytics,Glasgow,Scotland,Brightfield Analytics is hiring a Analytics Engineer to help shape our data strategy. <p>Key skills and experience:</p><ul><li>Snowflake</li><li>Python</li><li>SQL</li><li>BigQuery</li><li>dbt</li><li>Data Modeling</li></ul> Apply now via the link below to find out more &amp; join our team!,53800.0,63100.0,False,permanent,full_time,IT Jobs,2026-07-04T04:40:55.821713+00:00,https://example-jobs.invalid/job/268,analytics engineer,2026-07-05T21:40:55.821713+00:00
synthetic-00269,Data Analyst,Ironbridge Manufacturing,"Remote, UK",Remote,"We are looking for a Data Analyst to join our growing data team in Remote, UK. <p>Key skills and experience:</p><ul><li>Tableau</li><li>Excel</li><li>Power BI</li><li>SQL</li><li>Statistical Analysis</li><li>A/B Testing</li><li>Python</li></ul> This role offers excellent progression opportunities within a supportive team.",31300.0,36700.0,False,permanent,full_time,IT Jobs,2026-07-05T23:40:55.821713+00:00,https://example-jobs.invalid/job/269,data analyst,2026-07-06T05:40:55.821713+00:00
synthetic-00270,Analytics Engineer,Hawksmoor Consulting,Leeds,Yorkshire and the Humber,"We are looking for a Analytics Engineer to join our growing data team in Leeds. <p>Key skills and experience:</p><ul><li>Snowflake</li><li>Data Modeling</li><li>Python</li><li>SQL</li><li>Airflow</li><li>dbt</li></ul> <p>We offer a competitive salary, hybrid working, and 25 days holiday.</p>",,,False,permanent,full_time,IT Jobs,2026-06-24T04:40:55.821713+00:00,https://example-jobs.invalid/job/270,analytics engineer,2026-06-25T02:40:55.821713+00:00
synthetic-00271,Machine Learning Engineer,Kestrel Insurance Group,Edinburgh,Scotland,We are looking for a Machine Learning Engineer to join our growing data team in Edinburgh. <p>Key skills and experience:</p><ul><li>LLMs / GenAI</li><li>Docker</li><li>TensorFlow</li><li>PyTorch</li><li>Kubernetes</li><li>Python</li><li>AWS</li><li>CI/CD</li><li>Git</li><li>MLOps</li><li>Machine Learning</li></ul> Apply now via the link below to find out more &amp; join our team!,59800.0,70200.0,False,permanent,full_time,IT Jobs,2026-07-05T21:40:55.821713+00:00,https://example-jobs.invalid/job/271,machine learning engineer,2026-07-06T11:40:55.821713+00:00
synthetic-00272,Head of Data,Northbridge Data Co,Reading,South East England,"Northbridge Data Co is hiring a Head of Data to help shape our data strategy. You will bring the following: Data Modeling, Project Management, Stakeholder Management, AWS, Machine Learning, SQL, Agile. Apply now via the link below to find out more &amp; join our team!",75300.0,88400.0,False,permanent,full_time,IT Jobs,2026-07-20T18:40:55.821713+00:00,https://example-jobs.invalid/job/272,head of data,2026-07-21T09:40:55.821713+00:00
synthetic-00273,Senior Data Analyst - Marlow Digital,Marlow Digital,London,London,Exciting opportunity for a Senior Data Analyst to make an impact at a fast-growing company based in London. <p>Key skills and experience:</p><ul><li>Tableau</li><li>SQL</li><li>Statistical Analysis</li><li>Power BI</li><li>Python</li><li>Stakeholder Management</li></ul> This role offers excellent progression opportunities within a supportive team.,49900.0,58500.0,False,permanent,part_time,IT Jobs,2026-06-22T07:40:55.821713+00:00,https://example-jobs.invalid/job/273,senior data analyst,2026-06-24T04:40:55.821713+00:00
synthetic-00274,Data Scientist,Crestline Media,Reading,South East England,We are looking for a Data Scientist to join our growing data team in Reading. <p>Key skills and experience:</p><ul><li>Machine Learning</li><li>Python</li><li>scikit-learn</li><li>Statistical Analysis</li><li>TensorFlow</li><li>SQL</li><li>Deep Learning</li></ul> Apply now via the link below to find out more &amp; join our team!,,,False,contract,full_time,IT Jobs,2026-07-01T22:40:55.821713+00:00,https://example-jobs.invalid/job/274,data scientist,2026-07-02T01:40:55.821713+00:00
synthetic-00275,Business Intelligence Analyst,Willowmere Telecom,Reading,South East England,"Willowmere Telecom is hiring a Business Intelligence Analyst to help shape our data strategy. You will bring the following: Qlik, Power BI, Data Modeling, Excel, SQL, Azure. <p>We offer a competitive salary, hybrid working, and 25 days holiday.</p>",,,False,contract,full_time,IT Jobs,2026-07-11T02:40:55.821713+00:00,https://example-jobs.invalid/job/275,business intelligence analyst,2026-07-11T07:40:55.821713+00:00
synthetic-00276,Senior Data Scientist,Veridian Energy,Glasgow,Scotland,"Exciting opportunity for a Senior Data Scientist to make an impact at a fast-growing company based in Glasgow. You will bring the following: SQL, LLMs / GenAI, MLOps, PyTorch, Python, Deep Learning, Statistical Analysis, scikit-learn, Machine Learning, NLP. Apply now via the link below to find out more &amp; join our team!",70000.0,82200.0,False,permanent,part_time,IT Jobs,2026-07-13T07:40:55.821713+00:00,https://example-jobs.invalid/job/276,senior data scientist,2026-07-14T17:40:55.821713+00:00
synthetic-00277,Data Analyst - Willowmere Telecom,Willowmere Telecom,Bristol,South West England,We are looking for a Data Analyst to join our growing data team in Bristol. <p>Key skills and experience:</p><ul><li>Power BI</li><li>Statistical Analysis</li><li>Excel</li><li>SQL</li><li>Python</li></ul> Apply now via the link below to find out more &amp; join our team!,,,False,permanent,full_time,IT Jobs,2026-06-29T04:40:55.821713+00:00,https://example-jobs.invalid/job/277,data analyst,2026-06-30T01:40:55.821713+00:00
synthetic-00278,Senior Data Engineer,Marlow Digital,London,London,"Marlow Digital is hiring a Senior Data Engineer to help shape our data strategy. You will bring the following: Kubernetes, Kafka, AWS, Spark, ETL/ELT, Databricks, Airflow, Docker, SQL, Git, Python. Apply now via the link below to find out more &amp; join our team!",61200.0,71900.0,False,contract,full_time,IT Jobs,2026-07-14T05:40:55.821713+00:00,https://example-jobs.invalid/job/278,senior data engineer,2026-07-15T16:40:55.821713+00:00
synthetic-00279,Data Scientist - Kestrel Insurance Group,Kestrel Insurance Group,Edinburgh,Scotland,"Kestrel Insurance Group is hiring a Data Scientist to help shape our data strategy. <p>Key skills and experience:</p><ul><li>SQL</li><li>Machine Learning</li><li>Statistical Analysis</li><li>Python</li><li>Deep Learning</li><li>TensorFlow</li><li>scikit-learn</li></ul> <p>We offer a competitive salary, hybrid working, and 25 days holiday.</p>",,,False,contract,part_time,IT Jobs,2026-07-13T19:40:55.821713+00:00,https://example-jobs.invalid/job/279,data scientist,2026-07-14T11:40:55.821713+00:00
synthetic-00280,Analytics Engineer,Brightfield Analytics,Cambridge,East of England,"We are looking for a Analytics Engineer to join our growing data team in Cambridge. <p>Key skills and experience:</p><ul><li>Python</li><li>Airflow</li><li>dbt</li><li>Data Modeling</li><li>SQL</li><li>Snowflake</li></ul> <p>We offer a competitive salary, hybrid working, and 25 days holiday.</p>",,,False,contract,part_time,IT Jobs,2026-06-24T17:40:55.821713+00:00,https://example-jobs.invalid/job/280,analytics engineer,2026-06-26T14:40:55.821713+00:00
synthetic-00281,Senior Data Scientist,Thistledown Public Sector,Bristol,South West England,"We are looking for a Senior Data Scientist to join our growing data team in Bristol. You will bring the following: MLOps, NLP, Python, scikit-learn, SQL, Statistical Analysis, Deep Learning, LLMs / GenAI, Machine Learning, PyTorch. This role offers excellent progression opportunities within a supportive team.",63400.0,74400.0,False,contract,part_time,IT Jobs,2026-07-09T01:40:55.821713+00:00,https://example-jobs.invalid/job/281,senior data scientist,2026-07-09T13:40:55.821713+00:00
synthetic-00282,Business Intelligence Analyst - Brightfield Analytics,Brightfield Analytics,Cambridge,East of England,"Exciting opportunity for a Business Intelligence Analyst to make an impact at a fast-growing company based in Cambridge. <p>Key skills and experience:</p><ul><li>Excel</li><li>Power BI</li><li>SQL</li><li>Data Modeling</li></ul> <p>We offer a competitive salary, hybrid working, and 25 days holiday.</p>",46200.0,54200.0,False,permanent,part_time,IT Jobs,2026-07-09T18:40:55.821713+00:00,https://example-jobs.invalid/job/282,business intelligence analyst,2026-07-11T07:40:55.821713+00:00
synthetic-00283,Senior Data Analyst,Crestline Media,Birmingham,West Midlands,"We are looking for a Senior Data Analyst to join our growing data team in Birmingham. You will bring the following: SQL, Stakeholder Management, Python, Power BI, Statistical Analysis, Tableau. This role offers excellent progression opportunities within a supportive team.",43000.0,50500.0,False,contract,part_time,IT Jobs,2026-07-02T01:40:55.821713+00:00,https://example-jobs.invalid/job/283,senior data analyst,2026-07-02T06:40:55.821713+00:00
synthetic-00284,Head of Data - Crestline Media,Crestline Media,Birmingham,West Midlands,"Exciting opportunity for a Head of Data to make an impact at a fast-growing company based in Birmingham. You will bring the following: SQL, Project Management, AWS, Data Modeling, Stakeholder Management. Apply now via the link below to find out more &amp; join our team!",80300.0,94200.0,False,contract,part_time,IT Jobs,2026-07-07T11:40:55.821713+00:00,https://example-jobs.invalid/job/284,head of data,2026-07-09T02:40:55.821713+00:00
synthetic-00285,Business Intelligence Analyst,Northbridge Data Co,London,London,"Exciting opportunity for a Business Intelligence Analyst to make an impact at a fast-growing company based in London. You will bring the following: Power BI, Excel, Data Modeling, SQL, Tableau. Apply now via the link below to find out more &amp; join our team!",,,False,contract,part_time,IT Jobs,2026-07-04T07:40:55.821713+00:00,https://example-jobs.invalid/job/285,business intelligence analyst,2026-07-04T21:40:55.821713+00:00
synthetic-00286,Head of Data,Willowmere Telecom,Leeds,Yorkshire and the Humber,We are looking for a Head of Data to join our growing data team in Leeds. <p>Key skills and experience:</p><ul><li>SQL</li><li>Project Management</li><li>Machine Learning</li><li>Data Modeling</li><li>AWS</li><li>Stakeholder Management</li><li>Agile</li></ul> This role offers excellent progression opportunities within a supportive team.,,,False,contract,full_time,IT Jobs,2026-07-31T15:40:55.821713+00:00,https://example-jobs.invalid/job/286,head of data,2026-08-02T03:40:55.821713+00:00
synthetic-00287,Data Scientist - Palmer & Vance Retail,Palmer & Vance Retail,London,London,Exciting opportunity for a Data Scientist to make an impact at a fast-growing company based in London. <p>Key skills and experience:</p><ul><li>scikit-learn</li><li>Python</li><li>SQL</li><li>Machine Learning</li><li>TensorFlow</li><li>NLP</li><li>Statistical Analysis</li><li>A/B Testing</li></ul> This role offers excellent progression opportunities within a supportive team.,50300.0,59100.0,False,permanent,full_time,IT Jobs,2026-07-09T00:40:55.821713+00:00,https://example-jobs.invalid/job/287,data scientist,2026-07-09T10:40:55.821713+00:00
synthetic-00288,Data Analyst,Veridian Energy,Manchester,North West England,We are looking for a Data Analyst to join our growing data team in Manchester. <p>Key skills and experience:</p><ul><li>SQL</li><li>Statistical Analysis</li><li>Power BI</li><li>Python</li><li>Excel</li></ul> This role offers excellent progression opportunities within a supportive team.,,,False,permanent,part_time,IT Jobs,2026-07-02T15:40:55.821713+00:00,https://example-jobs.invalid/job/288,data analyst,2026-07-04T06:40:55.821713+00:00
synthetic-00289,Analytics Engineer,Crestline Media,Glasgow,Scotland,"Crestline Media is hiring a Analytics Engineer to help shape our data strategy. You will bring the following: dbt, BigQuery, Airflow, Git, SQL, Data Modeling, Snowflake, Python. Apply now via the link below to find out more &amp; join our team!",,,False,contract,part_time,IT Jobs,2026-06-26T02:40:55.821713+00:00,https://example-jobs.invalid/job/289,analytics engineer,2026-06-26T05:40:55.821713+00:00
synthetic-00290,Senior Data Analyst,Marlow Digital,"Remote, UK",Remote,"Marlow Digital is hiring a Senior Data Analyst to help shape our data strategy. You will bring the following: Power BI, SQL, Stakeholder Management, Tableau, Statistical Analysis, Python. <p>We offer a competitive salary, hybrid working, and 25 days holiday.</p>",56800.0,66700.0,False,permanent,part_time,IT Jobs,2026-06-21T14:40:55.821713+00:00,https://example-jobs.invalid/job/290,senior data analyst,2026-06-23T09:40:55.821713+00:00
synthetic-00291,Head of Data,Willowmere Telecom,London,London,Exciting opportunity for a Head of Data to make an impact at a fast-growing company based in London. <p>Key skills and experience:</p><ul><li>Stakeholder Management</li><li>Project Management</li><li>SQL</li><li>Agile</li><li>AWS</li><li>Data Modeling</li></ul> Apply now via the link below to find out more &amp; join our team!,84700.0,99500.0,False,contract,full_time,IT Jobs,2026-07-29T15:40:55.821713+00:00,https://example-jobs.invalid/job/291,head of data,2026-07-31T06:40:55.821713+00:00
synthetic-00292,Business Intelligence Analyst,Kestrel Insurance Group,"Remote, UK",Remote,"Exciting opportunity for a Business Intelligence Analyst to make an impact at a fast-growing company based in Remote, UK. <p>Key skills and experience:</p><ul><li>Power BI</li><li>SQL</li><li>Data Modeling</li><li>Excel</li></ul> <p>We offer a competitive salary, hybrid working, and 25 days holiday.</p>",41800.0,49100.0,False,contract,part_time,IT Jobs,2026-07-15T05:40:55.821713+00:00,https://example-jobs.invalid/job/292,business intelligence analyst,2026-07-15T14:40:55.821713+00:00
synthetic-00293,Data Analyst,Hawksmoor Consulting,Manchester,North West England,"Exciting opportunity for a Data Analyst to make an impact at a fast-growing company based in Manchester. You will bring the following: Power BI, SQL, Statistical Analysis, Python, Excel, Stakeholder Management. <p>We offer a competitive salary, hybrid working, and 25 days holiday.</p>",39800.0,46700.0,False,permanent,full_time,IT Jobs,2026-06-29T12:40:55.821713+00:00,https://example-jobs.invalid/job/293,data analyst,2026-06-30T10:40:55.821713+00:00
synthetic-00294,Business Intelligence Analyst,Ironbridge Manufacturing,Glasgow,Scotland,We are looking for a Business Intelligence Analyst to join our growing data team in Glasgow. <p>Key skills and experience:</p><ul><li>Data Modeling</li><li>Azure</li><li>Qlik</li><li>SQL</li><li>Excel</li><li>Tableau</li><li>Power BI</li></ul> Apply now via the link below to find out more &amp; join our team!,33800.0,39700.0,False,permanent,part_time,IT Jobs,2026-07-12T22:40:55.821713+00:00,https://example-jobs.invalid/job/294,business intelligence analyst,2026-07-14T22:40:55.821713+00:00
synthetic-00295,Machine Learning Engineer,Solstice Bank,Cambridge,East of England,Solstice Bank is hiring a Machine Learning Engineer to help shape our data strategy. <p>Key skills and experience:</p><ul><li>MLOps</li><li>Git</li><li>Machine Learning</li><li>Docker</li><li>Python</li><li>AWS</li><li>LLMs / GenAI</li></ul> This role offers excellent progression opportunities within a supportive team.,,,False,contract,part_time,IT Jobs,2026-07-30T10:40:55.821713+00:00,https://example-jobs.invalid/job/295,machine learning engineer,2026-07-31T21:40:55.821713+00:00
synthetic-00296,Senior Data Scientist - Solstice Bank,Solstice Bank,Leeds,Yorkshire and the Humber,"Solstice Bank is hiring a Senior Data Scientist to help shape our data strategy. You will bring the following: Statistical Analysis, Python, Machine Learning, SQL, scikit-learn, Deep Learning. <p>We offer a competitive salary, hybrid working, and 25 days holiday.</p>",76600.0,90000.0,False,permanent,full_time,IT Jobs,2026-07-21T03:40:55.821713+00:00,https://example-jobs.invalid/job/296,senior data scientist,2026-07-22T15:40:55.821713+00:00
synthetic-00297,Data Analyst,Northbridge Data Co,Glasgow,Scotland,"Exciting opportunity for a Data Analyst to make an impact at a fast-growing company based in Glasgow. <p>Key skills and experience:</p><ul><li>Statistical Analysis</li><li>Excel</li><li>SQL</li><li>Power BI</li><li>Python</li></ul> <p>We offer a competitive salary, hybrid working, and 25 days holiday.</p>",,,False,permanent,full_time,IT Jobs,2026-07-28T18:40:55.821713+00:00,https://example-jobs.invalid/job/297,data analyst,2026-07-30T13:40:55.821713+00:00
synthetic-00298,Senior Data Analyst,Coppergate Fintech,Manchester,North West England,Exciting opportunity for a Senior Data Analyst to make an impact at a fast-growing company based in Manchester. <p>Key skills and experience:</p><ul><li>Power BI</li><li>Tableau</li><li>SQL</li><li>Python</li><li>Statistical Analysis</li><li>dbt</li><li>Stakeholder Management</li></ul> This role offers excellent progression opportunities within a supportive team.,,,False,contract,part_time,IT Jobs,2026-06-21T23:40:55.821713+00:00,https://example-jobs.invalid/job/298,senior data analyst,2026-06-22T17:40:55.821713+00:00
synthetic-00299,Data Engineer - Solstice Bank,Solstice Bank,Manchester,North West England,We are looking for a Data Engineer to join our growing data team in Manchester. <p>Key skills and experience:</p><ul><li>Docker</li><li>AWS</li><li>SQL</li><li>Python</li><li>Airflow</li><li>ETL/ELT</li><li>Spark</li></ul> Apply now via the link below to find out more &amp; join our team!,,,False,contract,full_time,IT Jobs,2026-07-19T18:40:55.821713+00:00,https://example-jobs.invalid/job/299,data engineer,2026-07-20T20:40:55.821713+00:00
synthetic-00300,Data Engineer - Ironbridge Manufacturing,Ironbridge Manufacturing,Reading,South East England,Exciting opportunity for a Data Engineer to make an impact at a fast-growing company based in Reading. <p>Key skills and experience:</p><ul><li>Spark</li><li>Docker</li><li>Kafka</li><li>Airflow</li><li>CI/CD</li><li>ETL/ELT</li><li>Kubernetes</li><li>Python</li><li>SQL</li><li>AWS</li></ul> This role offers excellent progression opportunities within a supportive team.,51600.0,60500.0,False,contract,part_time,IT Jobs,2026-07-29T16:40:55.821713+00:00,https://example-jobs.invalid/job/300,data engineer,2026-07-30T17:40:55.821713+00:00
synthetic-00301,Head of Data,Crestline Media,London,London,"Crestline Media is hiring a Head of Data to help shape our data strategy. You will bring the following: SQL, Data Modeling, Machine Learning, Project Management, Stakeholder Management, Agile, AWS. Apply now via the link below to find out more &amp; join our team!",102700.0,120500.0,False,contract,full_time,IT Jobs,2026-06-28T02:40:55.821713+00:00,https://example-jobs.invalid/job/301,head of data,2026-06-29T00:40:55.821713+00:00
synthetic-00302,Senior Data Analyst,Crestline Media,Birmingham,West Midlands,"Exciting opportunity for a Senior Data Analyst to make an impact at a fast-growing company based in Birmingham. You will bring the following: Tableau, Power BI, dbt, SQL, Snowflake, Python, Stakeholder Management, Statistical Analysis. <p>We offer a competitive salary, hybrid working, and 25 days holiday.</p>",,,False,contract,full_time,IT Jobs,2026-07-09T22:40:55.821713+00:00,https://example-jobs.invalid/job/302,senior data analyst,2026-07-10T04:40:55.821713+00:00
synthetic-00303,Data Engineer,Palmer & Vance Retail,London,London,"Palmer & Vance Retail is hiring a Data Engineer to help shape our data strategy. You will bring the following: Airflow, Python, ETL/ELT, Spark, SQL, AWS, Docker. Apply now via the link below to find out more &amp; join our team!",58900.0,69100.0,False,contract,full_time,IT Jobs,2026-07-04T13:40:55.821713+00:00,https://example-jobs.invalid/job/303,data engineer,2026-07-04T16:40:55.821713+00:00
synthetic-00304,Machine Learning Engineer - Palmer & Vance Retail,Palmer & Vance Retail,Manchester,North West England,"We are looking for a Machine Learning Engineer to join our growing data team in Manchester. <p>Key skills and experience:</p><ul><li>PyTorch</li><li>Kubernetes</li><li>MLOps</li><li>LLMs / GenAI</li><li>AWS</li><li>TensorFlow</li><li>Git</li><li>CI/CD</li><li>Docker</li><li>Python</li><li>Machine Learning</li></ul> <p>We offer a competitive salary, hybrid working, and 25 days holiday.</p>",,,False,permanent,full_time,IT Jobs,2026-07-25T23:40:55.821713+00:00,https://example-jobs.invalid/job/304,machine learning engineer,2026-07-27T15:40:55.821713+00:00
synthetic-00305,Senior Data Analyst,Hawksmoor Consulting,Cambridge,East of England,Exciting opportunity for a Senior Data Analyst to make an impact at a fast-growing company based in Cambridge. <p>Key skills and experience:</p><ul><li>SQL</li><li>Stakeholder Management</li><li>Statistical Analysis</li><li>Tableau</li><li>Power BI</li><li>Python</li><li>Snowflake</li></ul> This role offers excellent progression opportunities within a supportive team.,,,False,permanent,part_time,IT Jobs,2026-07-24T03:40:55.821713+00:00,https://example-jobs.invalid/job/305,senior data analyst,2026-07-24T17:40:55.821713+00:00
synthetic-00306,Senior Data Analyst,Solstice Bank,Manchester,North West England,"Solstice Bank is hiring a Senior Data Analyst to help shape our data strategy. <p>Key skills and experience:</p><ul><li>Statistical Analysis</li><li>SQL</li><li>Power BI</li><li>dbt</li><li>Tableau</li><li>Stakeholder Management</li><li>Python</li></ul> <p>We offer a competitive salary, hybrid working, and 25 days holiday.</p>",,,False,permanent,part_time,IT Jobs,2026-06-21T18:40:55.821713+00:00,https://example-jobs.invalid/job/306,senior data analyst,2026-06-22T19:40:55.821713+00:00
synthetic-00307,Senior Data Analyst - Brightfield Analytics,Brightfield Analytics,London,London,"Brightfield Analytics is hiring a Senior Data Analyst to help shape our data strategy. <p>Key skills and experience:</p><ul><li>SQL</li><li>Power BI</li><li>Python</li><li>Tableau</li><li>Statistical Analysis</li><li>Snowflake</li><li>Stakeholder Management</li></ul> <p>We offer a competitive salary, hybrid working, and 25 days holiday.</p>",,,False,permanent,full_time,IT Jobs,2026-06-28T23:40:55.821713+00:00,https://example-jobs.invalid/job/307,senior data analyst,2026-06-30T02:40:55.821713+00:00
synthetic-00308,Head of Data,Thistledown Public Sector,Edinburgh,Scotland,"Thistledown Public Sector is hiring a Head of Data to help shape our data strategy. You will bring the following: AWS, Machine Learning, Agile, Project Management, Stakeholder Management, Data Modeling, SQL. This role offers excellent progression opportunities within a supportive team.",98200.0,115300.0,False,permanent,part_time,IT Jobs,2026-06-27T21:40:55.821713+00:00,https://example-jobs.invalid/job/308,head of data,2026-06-28T12:40:55.821713+00:00
synthetic-00309,Data Analyst,Northbridge Data Co,Bristol,South West England,"We are looking for a Data Analyst to join our growing data team in Bristol. You will bring the following: Statistical Analysis, Power BI, SQL, Excel, Stakeholder Management, Python. Apply now via the link below to find out more &amp; join our team!",27400.0,32200.0,False,contract,full_time,IT Jobs,2026-07-16T03:40:55.821713+00:00,https://example-jobs.invalid/job/309,data analyst,2026-07-17T19:40:55.821713+00:00
synthetic-00310,Senior Data Analyst,Willowmere Telecom,London,London,Willowmere Telecom is hiring a Senior Data Analyst to help shape our data strategy. <p>Key skills and experience:</p><ul><li>Python</li><li>Tableau</li><li>Statistical Analysis</li><li>Stakeholder Management</li><li>Power BI</li><li>SQL</li><li>Snowflake</li></ul> This role offers excellent progression opportunities within a supportive team.,54000.0,63400.0,False,permanent,full_time,IT Jobs,2026-07-19T14:40:55.821713+00:00,https://example-jobs.invalid/job/310,senior data analyst,2026-07-21T10:40:55.821713+00:00
synthetic-00311,Senior Data Scientist,Northbridge Data Co,Bristol,South West England,Northbridge Data Co is hiring a Senior Data Scientist to help shape our data strategy. <p>Key skills and experience:</p><ul><li>Deep Learning</li><li>scikit-learn</li><li>Python</li><li>Statistical Analysis</li><li>SQL</li><li>Machine Learning</li><li>MLOps</li></ul> Apply now via the link below to find out more &amp; join our team!,64600.0,75900.0,False,permanent,part_time,IT Jobs,2026-06-22T23:40:55.821713+00:00,https://example-jobs.invalid/job/311,senior data scientist,2026-06-23T11:40:55.821713+00:00
synthetic-00312,Senior Data Engineer - Solstice Bank,Solstice Bank,Birmingham,West Midlands,"Exciting opportunity for a Senior Data Engineer to make an impact at a fast-growing company based in Birmingham. <p>Key skills and experience:</p><ul><li>SQL</li><li>Airflow</li><li>Kubernetes</li><li>CI/CD</li><li>ETL/ELT</li><li>AWS</li><li>Docker</li><li>Python</li><li>Spark</li></ul> <p>We offer a competitive salary, hybrid working, and 25 days holiday.</p>",,,False,permanent,full_time,IT Jobs,2026-07-18T04:40:55.821713+00:00,https://example-jobs.invalid/job/312,senior data engineer,2026-07-19T19:40:55.821713+00:00
synthetic-00313,Senior Data Analyst,Coppergate Fintech,Glasgow,Scotland,Coppergate Fintech is hiring a Senior Data Analyst to help shape our data strategy. <p>Key skills and experience:</p><ul><li>dbt</li><li>Tableau</li><li>Snowflake</li><li>Forecasting</li><li>Python</li><li>Power BI</li><li>Stakeholder Management</li><li>SQL</li><li>Statistical Analysis</li></ul> This role offers excellent progression opportunities within a supportive team.,,,False,permanent,part_time,IT Jobs,2026-06-26T13:40:55.821713+00:00,https://example-jobs.invalid/job/313,senior data analyst,2026-06-27T16:40:55.821713+00:00
synthetic-00314,Analytics Engineer,Orbital Logistics,London,London,We are looking for a Analytics Engineer to join our growing data team in London. <p>Key skills and experience:</p><ul><li>Snowflake</li><li>Airflow</li><li>Python</li><li>BigQuery</li><li>Data Modeling</li><li>SQL</li><li>dbt</li><li>Git</li></ul> Apply now via the link below to find out more &amp; join our team!,46000.0,54000.0,False,permanent,part_time,IT Jobs,2026-07-27T13:40:55.821713+00:00,https://example-jobs.invalid/job/314,analytics engineer,2026-07-28T20:40:55.821713+00:00
synthetic-00315,Head of Data,Brightfield Analytics,"Remote, UK",Remote,"Exciting opportunity for a Head of Data to make an impact at a fast-growing company based in Remote, UK. You will bring the following: Agile, Machine Learning, AWS, Stakeholder Management, Data Modeling, SQL, Project Management. Apply now via the link below to find out more &amp; join our team!",75500.0,88600.0,False,permanent,full_time,IT Jobs,2026-07-14T00:40:55.821713+00:00,https://example-jobs.invalid/job/315,head of data,2026-07-14T18:40:55.821713+00:00
synthetic-00316,Head of Data,Thistledown Public Sector,Birmingham,West Midlands,Exciting opportunity for a Head of Data to make an impact at a fast-growing company based in Birmingham. <p>Key skills and experience:</p><ul><li>Project Management</li><li>Data Modeling</li><li>Stakeholder Management</li><li>SQL</li></ul> This role offers excellent progression opportunities within a supportive team.,100800.0,118300.0,False,permanent,full_time,IT Jobs,2026-07-09T08:40:55.821713+00:00,https://example-jobs.invalid/job/316,head of data,2026-07-11T02:40:55.821713+00:00
synthetic-00317,Data Engineer,Palmer & Vance Retail,Birmingham,West Midlands,Exciting opportunity for a Data Engineer to make an impact at a fast-growing company based in Birmingham. <p>Key skills and experience:</p><ul><li>SQL</li><li>ETL/ELT</li><li>Python</li><li>Airflow</li><li>CI/CD</li><li>dbt</li><li>Kafka</li><li>AWS</li><li>Snowflake</li><li>Docker</li><li>Spark</li></ul> Apply now via the link below to find out more &amp; join our team!,60100.0,70600.0,False,contract,part_time,IT Jobs,2026-07-24T22:40:55.821713+00:00,https://example-jobs.invalid/job/317,data engineer,2026-07-26T20:40:55.821713+00:00
synthetic-00318,Head of Data - Ironbridge Manufacturing,Ironbridge Manufacturing,Birmingham,West Midlands,"We are looking for a Head of Data to join our growing data team in Birmingham. <p>Key skills and experience:</p><ul><li>SQL</li><li>Stakeholder Management</li><li>Data Modeling</li><li>Project Management</li></ul> <p>We offer a competitive salary, hybrid working, and 25 days holiday.</p>",74400.0,87300.0,False,permanent,part_time,IT Jobs,2026-07-28T10:40:55.821713+00:00,https://example-jobs.invalid/job/318,head of data,2026-07-28T21:40:55.821713+00:00
synthetic-00319,Data Engineer,Crestline Media,Bristol,South West England,"Exciting opportunity for a Data Engineer to make an impact at a fast-growing company based in Bristol. You will bring the following: Kubernetes, Spark, Airflow, CI/CD, dbt, Snowflake, SQL, AWS, Python, Kafka, ETL/ELT, Docker. This role offers excellent progression opportunities within a supportive team.",,,False,contract,part_time,IT Jobs,2026-07-11T22:40:55.821713+00:00,https://example-jobs.invalid/job/319,data engineer,2026-07-13T12:40:55.821713+00:00
synthetic-00320,Data Scientist - Kestrel Insurance Group,Kestrel Insurance Group,"Remote, UK",Remote,"Exciting opportunity for a Data Scientist to make an impact at a fast-growing company based in Remote, UK. <p>Key skills and experience:</p><ul><li>TensorFlow</li><li>NLP</li><li>Python</li><li>scikit-learn</li><li>SQL</li><li>Statistical Analysis</li><li>Machine Learning</li></ul> <p>We offer a competitive salary, hybrid working, and 25 days holiday.</p>",,,False,permanent,full_time,IT Jobs,2026-07-21T15:40:55.821713+00:00,https://example-jobs.invalid/job/320,data scientist,2026-07-23T02:40:55.821713+00:00
synthetic-00321,Data Engineer,Northbridge Data Co,Bristol,South West England,We are looking for a Data Engineer to join our growing data team in Bristol. <p>Key skills and experience:</p><ul><li>Python</li><li>ETL/ELT</li><li>Docker</li><li>Spark</li><li>SQL</li><li>AWS</li><li>Airflow</li></ul> This role offers excellent progression opportunities within a supportive team.,55500.0,65200.0,False,permanent,part_time,IT Jobs,2026-07-12T02:40:55.821713+00:00,https://example-jobs.invalid/job/321,data engineer,2026-07-12T12:40:55.821713+00:00
synthetic-00322,Senior Data Analyst,Orbital Logistics,London,London,"Exciting opportunity for a Senior Data Analyst to make an impact at a fast-growing company based in London. You will bring the following: dbt, Python, Power BI, Forecasting, Snowflake, Statistical Analysis, Stakeholder Management, SQL, Tableau. This role offers excellent progression opportunities within a supportive team.",,,False,permanent,part_time,IT Jobs,2026-06-25T14:40:55.821713+00:00,https://example-jobs.invalid/job/322,senior data analyst,2026-06-26T19:40:55.821713+00:00
synthetic-00323,Data Analyst,Veridian Energy,Edinburgh,Scotland,Exciting opportunity for a Data Analyst to make an impact at a fast-growing company based in Edinburgh. <p>Key skills and experience:</p><ul><li>Statistical Analysis</li><li>Python</li><li>Excel</li><li>SQL</li><li>Power BI</li></ul> Apply now via the link below to find out more &amp; join our team!,29900.0,35100.0,False,contract,full_time,IT Jobs,2026-06-21T07:40:55.821713+00:00,https://example-jobs.invalid/job/323,data analyst,2026-06-22T21:40:55.821713+00:00
synthetic-00324,Data Analyst,Crestline Media,Manchester,North West England,Exciting opportunity for a Data Analyst to make an impact at a fast-growing company based in Manchester. <p>Key skills and experience:</p><ul><li>Tableau</li><li>Excel</li><li>Stakeholder Management</li><li>SQL</li><li>Statistical Analysis</li><li>Power BI</li><li>A/B Testing</li><li>Python</li></ul> Apply now via the link below to find out more &amp; join our team!,37600.0,44200.0,False,contract,part_time,IT Jobs,2026-07-09T13:40:55.821713+00:00,https://example-jobs.invalid/job/324,data analyst,2026-07-10T08:40:55.821713+00:00
synthetic-00325,Analytics Engineer,Palmer & Vance Retail,Manchester,North West England,We are looking for a Analytics Engineer to join our growing data team in Manchester. <p>Key skills and experience:</p><ul><li>BigQuery</li><li>Python</li><li>SQL</li><li>Airflow</li><li>Snowflake</li><li>Git</li><li>dbt</li><li>Data Modeling</li></ul> Apply now via the link below to find out more &amp; join our team!,,,False,contract,full_time,IT Jobs,2026-06-29T03:40:55.821713+00:00,https://example-jobs.invalid/job/325,analytics engineer,2026-06-29T08:40:55.821713+00:00
synthetic-00326,Data Analyst,Veridian Energy,Glasgow,Scotland,Exciting opportunity for a Data Analyst to make an impact at a fast-growing company based in Glasgow. <p>Key skills and experience:</p><ul><li>A/B Testing</li><li>Power BI</li><li>SQL</li><li>Excel</li><li>Tableau</li><li>Python</li><li>Statistical Analysis</li></ul> Apply now via the link below to find out more &amp; join our team!,29000.0,34000.0,False,contract,full_time,IT Jobs,2026-07-12T19:40:55.821713+00:00,https://example-jobs.invalid/job/326,data analyst,2026-07-13T15:40:55.821713+00:00
synthetic-00327,Data Analyst,Kestrel Insurance Group,London,London,"Kestrel Insurance Group is hiring a Data Analyst to help shape our data strategy. You will bring the following: Statistical Analysis, Excel, Stakeholder Management, Python, Power BI, A/B Testing, SQL. <p>We offer a competitive salary, hybrid working, and 25 days holiday.</p>",38500.0,45200.0,False,contract,part_time,IT Jobs,2026-07-14T22:40:55.821713+00:00,https://example-jobs.invalid/job/327,data analyst,2026-07-15T03:40:55.821713+00:00
synthetic-00328,Head of Data,Coppergate Fintech,Glasgow,Scotland,"Exciting opportunity for a Head of Data to make an impact at a fast-growing company based in Glasgow. <p>Key skills and experience:</p><ul><li>Project Management</li><li>Agile</li><li>Data Modeling</li><li>SQL</li><li>Stakeholder Management</li><li>Machine Learning</li></ul> <p>We offer a competitive salary, hybrid working, and 25 days holiday.</p>",91400.0,107300.0,False,permanent,part_time,IT Jobs,2026-07-02T15:40:55.821713+00:00,https://example-jobs.invalid/job/328,head of data,2026-07-03T00:40:55.821713+00:00
synthetic-00329,Senior Data Scientist - Veridian Energy,Veridian Energy,Glasgow,Scotland,"We are looking for a Senior Data Scientist to join our growing data team in Glasgow. You will bring the following: SQL, NLP, Deep Learning, Machine Learning, Python, Statistical Analysis, PyTorch, scikit-learn. <p>We offer a competitive salary, hybrid working, and 25 days holiday.</p>",82800.0,97200.0,False,contract,full_time,IT Jobs,2026-07-11T16:40:55.821713+00:00,https://example-jobs.invalid/job/329,senior data scientist,2026-07-12T12:40:55.821713+00:00
synthetic-00330,Analytics Engineer,Ferngate Health,"Remote, UK",Remote,"Exciting opportunity for a Analytics Engineer to make an impact at a fast-growing company based in Remote, UK. <p>Key skills and experience:</p><ul><li>SQL</li><li>Snowflake</li><li>Airflow</li><li>Python</li><li>Data Modeling</li><li>dbt</li></ul> <p>We offer a competitive salary, hybrid working, and 25 days holiday.</p>",44800.0,52600.0,False,permanent,part_time,IT Jobs,2026-07-22T21:40:55.821713+00:00,https://example-jobs.invalid/job/330,analytics engineer,2026-07-23T12:40:55.821713+00:00
synthetic-00331,Business Intelligence Analyst,Northbridge Data Co,Manchester,North West England,"We are looking for a Business Intelligence Analyst to join our growing data team in Manchester. You will bring the following: SQL, Tableau, Power BI, Excel, Data Modeling. This role offers excellent progression opportunities within a supportive team.",35700.0,41900.0,False,permanent,full_time,IT Jobs,2026-07-11T08:40:55.821713+00:00,https://example-jobs.invalid/job/331,business intelligence analyst,2026-07-13T06:40:55.821713+00:00
synthetic-00332,Data Engineer - Thistledown Public Sector,Thistledown Public Sector,Edinburgh,Scotland,We are looking for a Data Engineer to join our growing data team in Edinburgh. <p>Key skills and experience:</p><ul><li>Docker</li><li>AWS</li><li>Snowflake</li><li>Spark</li><li>Python</li><li>ETL/ELT</li><li>SQL</li><li>Airflow</li></ul> Apply now via the link below to find out more &amp; join our team!,,,False,permanent,part_time,IT Jobs,2026-07-30T07:40:55.821713+00:00,https://example-jobs.invalid/job/332,data engineer,2026-07-30T14:40:55.821713+00:00
synthetic-00333,Senior Data Analyst,Brightfield Analytics,Leeds,Yorkshire and the Humber,"Brightfield Analytics is hiring a Senior Data Analyst to help shape our data strategy. You will bring the following: Python, Stakeholder Management, Power BI, Statistical Analysis, SQL, Tableau. <p>We offer a competitive salary, hybrid working, and 25 days holiday.</p>",,,False,contract,part_time,IT Jobs,2026-07-31T11:40:55.821713+00:00,https://example-jobs.invalid/job/333,senior data analyst,2026-07-31T21:40:55.821713+00:00
synthetic-00334,Senior Data Scientist,Coppergate Fintech,Edinburgh,Scotland,"Coppergate Fintech is hiring a Senior Data Scientist to help shape our data strategy. <p>Key skills and experience:</p><ul><li>LLMs / GenAI</li><li>NLP</li><li>scikit-learn</li><li>PyTorch</li><li>Deep Learning</li><li>Machine Learning</li><li>Statistical Analysis</li><li>SQL</li><li>Python</li><li>MLOps</li></ul> <p>We offer a competitive salary, hybrid working, and 25 days holiday.</p>",,,False,contract,full_time,IT Jobs,2026-07-02T02:40:55.821713+00:00,https://example-jobs.invalid/job/334,senior data scientist,2026-07-03T23:40:55.821713+00:00
synthetic-00335,Data Engineer,Orbital Logistics,Birmingham,West Midlands,Orbital Logistics is hiring a Data Engineer to help shape our data strategy. <p>Key skills and experience:</p><ul><li>CI/CD</li><li>Airflow</li><li>ETL/ELT</li><li>Kubernetes</li><li>AWS</li><li>Python</li><li>Spark</li><li>dbt</li><li>Docker</li><li>SQL</li></ul> This role offers excellent progression opportunities within a supportive team.,44500.0,52300.0,False,contract,part_time,IT Jobs,2026-07-11T22:40:55.821713+00:00,https://example-jobs.invalid/job/335,data engineer,2026-07-12T06:40:55.821713+00:00
synthetic-00336,Business Intelligence Analyst - Crestline Media,Crestline Media,Bristol,South West England,"Crestline Media is hiring a Business Intelligence Analyst to help shape our data strategy. <p>Key skills and experience:</p><ul><li>Power BI</li><li>Qlik</li><li>Azure</li><li>Excel</li><li>Data Modeling</li><li>SQL</li><li>Tableau</li></ul> <p>We offer a competitive salary, hybrid working, and 25 days holiday.</p>",46500.0,54500.0,False,permanent,part_time,IT Jobs,2026-06-28T16:40:55.821713+00:00,https://example-jobs.invalid/job/336,business intelligence analyst,2026-06-30T12:40:55.821713+00:00
synthetic-00337,Machine Learning Engineer,Northbridge Data Co,"Remote, UK",Remote,"Northbridge Data Co is hiring a Machine Learning Engineer to help shape our data strategy. You will bring the following: Python, LLMs / GenAI, MLOps, Docker, Git, Kubernetes, TensorFlow, Machine Learning, PyTorch, CI/CD, AWS. Apply now via the link below to find out more &amp; join our team!",78900.0,92600.0,False,permanent,part_time,IT Jobs,2026-06-24T01:40:55.821713+00:00,https://example-jobs.invalid/job/337,machine learning engineer,2026-06-25T09:40:55.821713+00:00
synthetic-00338,Senior Data Analyst - Solstice Bank,Solstice Bank,Manchester,North West England,We are looking for a Senior Data Analyst to join our growing data team in Manchester. <p>Key skills and experience:</p><ul><li>Snowflake</li><li>Statistical Analysis</li><li>Tableau</li><li>Power BI</li><li>dbt</li><li>Forecasting</li><li>Stakeholder Management</li><li>Python</li><li>SQL</li></ul> This role offers excellent progression opportunities within a supportive team.,43400.0,50900.0,False,permanent,part_time,IT Jobs,2026-07-12T18:40:55.821713+00:00,https://example-jobs.invalid/job/338,senior data analyst,2026-07-14T10:40:55.821713+00:00
synthetic-00339,Business Intelligence Analyst - Solstice Bank,Solstice Bank,Bristol,South West England,We are looking for a Business Intelligence Analyst to join our growing data team in Bristol. <p>Key skills and experience:</p><ul><li>Excel</li><li>Power BI</li><li>Data Modeling</li><li>SQL</li><li>Azure</li><li>Qlik</li><li>Tableau</li></ul> Apply now via the link below to find out more &amp; join our team!,,,False,contract,full_time,IT Jobs,2026-07-03T23:40:55.821713+00:00,https://example-jobs.invalid/job/339,business intelligence analyst,2026-07-04T02:40:55.821713+00:00
synthetic-00340,Business Intelligence Analyst,Kestrel Insurance Group,Glasgow,Scotland,"Exciting opportunity for a Business Intelligence Analyst to make an impact at a fast-growing company based in Glasgow. You will bring the following: Azure, Power BI, Excel, Qlik, SQL, Data Modeling. <p>We offer a competitive salary, hybrid working, and 25 days holiday.</p>",41600.0,48800.0,False,contract,part_time,IT Jobs,2026-07-07T05:40:55.821713+00:00,https://example-jobs.invalid/job/340,business intelligence analyst,2026-07-08T13:40:55.821713+00:00
synthetic-00341,Data Scientist - Brightfield Analytics,Brightfield Analytics,Birmingham,West Midlands,"Exciting opportunity for a Data Scientist to make an impact at a fast-growing company based in Birmingham. You will bring the following: SQL, Machine Learning, Statistical Analysis, Python, scikit-learn. This role offers excellent progression opportunities within a supportive team.",58200.0,68300.0,False,contract,part_time,IT Jobs,2026-06-22T03:40:55.821713+00:00,https://example-jobs.invalid/job/341,data scientist,2026-06-23T04:40:55.821713+00:00
synthetic-00342,Machine Learning Engineer,Brightfield Analytics,Birmingham,West Midlands,"Brightfield Analytics is hiring a Machine Learning Engineer to help shape our data strategy. You will bring the following: AWS, PyTorch, LLMs / GenAI, Docker, CI/CD, Python, TensorFlow, Git, Kubernetes, MLOps, Machine Learning. This role offers excellent progression opportunities within a supportive team.",68500.0,80400.0,False,permanent,part_time,IT Jobs,2026-07-06T05:40:55.821713+00:00,https://example-jobs.invalid/job/342,machine learning engineer,2026-07-06T07:40:55.821713+00:00
synthetic-00343,Machine Learning Engineer,Orbital Logistics,"Remote, UK",Remote,"We are looking for a Machine Learning Engineer to join our growing data team in Remote, UK. You will bring the following: LLMs / GenAI, AWS, MLOps, Docker, Machine Learning, Git, Python, TensorFlow. Apply now via the link below to find out more &amp; join our team!",,,False,permanent,full_time,IT Jobs,2026-07-19T22:40:55.821713+00:00,https://example-jobs.invalid/job/343,machine learning engineer,2026-07-21T15:40:55.821713+00:00
synthetic-00344,Data Scientist,Brightfield Analytics,Leeds,Yorkshire and the Humber,Exciting opportunity for a Data Scientist to make an impact at a fast-growing company based in Leeds. <p>Key skills and experience:</p><ul><li>Statistical Analysis</li><li>Machine Learning</li><li>SQL</li><li>Deep Learning</li><li>Python</li><li>TensorFlow</li><li>scikit-learn</li></ul> This role offers excellent progression opportunities within a supportive team.,51300.0,60200.0,False,contract,part_time,IT Jobs,2026-07-19T02:40:55.821713+00:00,https://example-jobs.invalid/job/344,data scientist,2026-07-19T07:40:55.821713+00:00
synthetic-00345,Machine Learning Engineer,Ferngate Health,Reading,South East England,"We are looking for a Machine Learning Engineer to join our growing data team in Reading. You will bring the following: Machine Learning, Python, Git, CI/CD, MLOps, Docker, AWS. This role offers excellent progression opportunities within a supportive team.",,,False,contract,part_time,IT Jobs,2026-06-25T22:40:55.821713+00:00,https://example-jobs.invalid/job/345,machine learning engineer,2026-06-26T12:40:55.821713+00:00
synthetic-00346,Analytics Engineer,Coppergate Fintech,"Remote, UK",Remote,"Exciting opportunity for a Analytics Engineer to make an impact at a fast-growing company based in Remote, UK. <p>Key skills and experience:</p><ul><li>SQL</li><li>Airflow</li><li>Python</li><li>Data Modeling</li><li>BigQuery</li><li>dbt</li><li>Snowflake</li><li>Git</li></ul> <p>We offer a competitive salary, hybrid working, and 25 days holiday.</p>",,,False,contract,full_time,IT Jobs,2026-07-06T05:40:55.821713+00:00,https://example-jobs.invalid/job/346,analytics engineer,2026-07-07T00:40:55.821713+00:00
synthetic-00347,Machine Learning Engineer - Northbridge Data Co,Northbridge Data Co,Bristol,South West England,"Exciting opportunity for a Machine Learning Engineer to make an impact at a fast-growing company based in Bristol. You will bring the following: PyTorch, MLOps, Git, AWS, Docker, Machine Learning, Python. <p>We offer a competitive salary, hybrid working, and 25 days holiday.</p>",58400.0,68500.0,False,contract,full_time,IT Jobs,2026-07-15T09:40:55.821713+00:00,https://example-jobs.invalid/job/347,machine learning engineer,2026-07-15T11:40:55.821713+00:00
synthetic-00348,Data Analyst,Ironbridge Manufacturing,Cambridge,East of England,"We are looking for a Data Analyst to join our growing data team in Cambridge. You will bring the following: Python, Power BI, Excel, Statistical Analysis, SQL. Apply now via the link below to find out more &amp; join our team!",,,False,permanent,full_time,IT Jobs,2026-06-19T16:40:55.821713+00:00,https://example-jobs.invalid/job/348,data analyst,2026-06-19T22:40:55.821713+00:00
synthetic-00349,Senior Data Analyst,Thistledown Public Sector,"Remote, UK",Remote,"We are looking for a Senior Data Analyst to join our growing data team in Remote, UK. You will bring the following: Power BI, SQL, Python, Tableau, Stakeholder Management, Statistical Analysis. Apply now via the link below to find out more &amp; join our team!",40400.0,47400.0,False,permanent,part_time,IT Jobs,2026-06-24T14:40:55.821713+00:00,https://example-jobs.invalid/job/349,senior data analyst,2026-06-25T15:40:55.821713+00:00
synthetic-00350,Senior Data Engineer,Northbridge Data Co,Edinburgh,Scotland,"Northbridge Data Co is hiring a Senior Data Engineer to help shape our data strategy. You will bring the following: Kubernetes, Docker, SQL, Python, Databricks, Spark, Airflow, ETL/ELT, AWS. Apply now via the link below to find out more &amp; join our team!",84600.0,99300.0,False,permanent,part_time,IT Jobs,2026-07-01T16:40:55.821713+00:00,https://example-jobs.invalid/job/350,senior data engineer,2026-07-02T08:40:55.821713+00:00
synthetic-00351,Business Intelligence Analyst,Coppergate Fintech,Birmingham,West Midlands,"Exciting opportunity for a Business Intelligence Analyst to make an impact at a fast-growing company based in Birmingham. You will bring the following: Tableau, Excel, Data Modeling, Power BI, SQL, Azure. This role offers excellent progression opportunities within a supportive team.",46000.0,54000.0,False,contract,full_time,IT Jobs,2026-07-24T20:40:55.821713+00:00,https://example-jobs.invalid/job/351,business intelligence analyst,2026-07-25T12:40:55.821713+00:00
synthetic-00352,Machine Learning Engineer,Solstice Bank,Leeds,Yorkshire and the Humber,Solstice Bank is hiring a Machine Learning Engineer to help shape our data strategy. <p>Key skills and experience:</p><ul><li>MLOps</li><li>AWS</li><li>Python</li><li>Git</li><li>Docker</li><li>Machine Learning</li></ul> This role offers excellent progression opportunities within a supportive team.,71000.0,83300.0,False,contract,part_time,IT Jobs,2026-07-30T05:40:55.821713+00:00,https://example-jobs.invalid/job/352,machine learning engineer,2026-07-30T11:40:55.821713+00:00
synthetic-00353,Machine Learning Engineer,Thistledown Public Sector,Birmingham,West Midlands,"We are looking for a Machine Learning Engineer to join our growing data team in Birmingham. You will bring the following: Git, Python, PyTorch, TensorFlow, Kubernetes, AWS, Docker, Machine Learning, MLOps. <p>We offer a competitive salary, hybrid working, and 25 days holiday.</p>",,,False,contract,part_time,IT Jobs,2026-06-21T09:40:55.821713+00:00,https://example-jobs.invalid/job/353,machine learning engineer,2026-06-21T10:40:55.821713+00:00
synthetic-00354,Head of Data,Northbridge Data Co,Manchester,North West England,Exciting opportunity for a Head of Data to make an impact at a fast-growing company based in Manchester. <p>Key skills and experience:</p><ul><li>Stakeholder Management</li><li>Data Modeling</li><li>SQL</li><li>Project Management</li><li>AWS</li></ul> This role offers excellent progression opportunities within a supportive team.,89200.0,104700.0,False,contract,full_time,IT Jobs,2026-07-20T16:40:55.821713+00:00,https://example-jobs.invalid/job/354,head of data,2026-07-22T06:40:55.821713+00:00
synthetic-00355,Senior Data Analyst,Ferngate Health,Glasgow,Scotland,"We are looking for a Senior Data Analyst to join our growing data team in Glasgow. You will bring the following: Stakeholder Management, Tableau, dbt, SQL, Python, Statistical Analysis, Power BI. <p>We offer a competitive salary, hybrid working, and 25 days holiday.</p>",45100.0,52900.0,False,contract,full_time,IT Jobs,2026-07-22T12:40:55.821713+00:00,https://example-jobs.invalid/job/355,senior data analyst,2026-07-23T14:40:55.821713+00:00
synthetic-00356,Senior Data Analyst,Kestrel Insurance Group,Birmingham,West Midlands,"We are looking for a Senior Data Analyst to join our growing data team in Birmingham. <p>Key skills and experience:</p><ul><li>Stakeholder Management</li><li>Tableau</li><li>Python</li><li>Power BI</li><li>Statistical Analysis</li><li>SQL</li></ul> <p>We offer a competitive salary, hybrid working, and 25 days holiday.</p>",52000.0,61000.0,False,permanent,part_time,IT Jobs,2026-07-15T04:40:55.821713+00:00,https://example-jobs.invalid/job/356,senior data analyst,2026-07-17T04:40:55.821713+00:00
synthetic-00357,Senior Data Engineer - Palmer & Vance Retail,Palmer & Vance Retail,"Remote, UK",Remote,"We are looking for a Senior Data Engineer to join our growing data team in Remote, UK. <p>Key skills and experience:</p><ul><li>Databricks</li><li>Airflow</li><li>AWS</li><li>SQL</li><li>Docker</li><li>ETL/ELT</li><li>Python</li><li>Git</li><li>Kubernetes</li><li>Spark</li></ul> This role offers excellent progression opportunities within a supportive team.",,,False,contract,part_time,IT Jobs,2026-07-27T13:40:55.821713+00:00,https://example-jobs.invalid/job/357,senior data engineer,2026-07-28T20:40:55.821713+00:00
synthetic-00358,Senior Data Engineer,Thistledown Public Sector,Glasgow,Scotland,"Thistledown Public Sector is hiring a Senior Data Engineer to help shape our data strategy. You will bring the following: AWS, Kubernetes, ETL/ELT, Git, Spark, Airflow, SQL, Docker, Kafka, Python, CI/CD. Apply now via the link below to find out more &amp; join our team!",,,False,permanent,full_time,IT Jobs,2026-06-20T02:40:55.821713+00:00,https://example-jobs.invalid/job/358,senior data engineer,2026-06-20T11:40:55.821713+00:00
synthetic-00359,Data Scientist,Crestline Media,Edinburgh,Scotland,"We are looking for a Data Scientist to join our growing data team in Edinburgh. <p>Key skills and experience:</p><ul><li>NLP</li><li>Deep Learning</li><li>Python</li><li>Statistical Analysis</li><li>scikit-learn</li><li>A/B Testing</li><li>SQL</li><li>Machine Learning</li></ul> <p>We offer a competitive salary, hybrid working, and 25 days holiday.</p>",60100.0,70600.0,False,contract,part_time,IT Jobs,2026-07-14T14:40:55.821713+00:00,https://example-jobs.invalid/job/359,data scientist,2026-07-15T14:40:55.821713+00:00
synthetic-00360,Head of Data - Crestline Media,Crestline Media,Leeds,Yorkshire and the Humber,"We are looking for a Head of Data to join our growing data team in Leeds. <p>Key skills and experience:</p><ul><li>Stakeholder Management</li><li>Machine Learning</li><li>AWS</li><li>Project Management</li><li>Data Modeling</li><li>SQL</li></ul> <p>We offer a competitive salary, hybrid working, and 25 days holiday.</p>",114400.0,134300.0,False,contract,part_time,IT Jobs,2026-07-29T22:40:55.821713+00:00,https://example-jobs.invalid/job/360,head of data,2026-07-30T15:40:55.821713+00:00
synthetic-00361,Senior Data Analyst,Brightfield Analytics,Cambridge,East of England,"We are looking for a Senior Data Analyst to join our growing data team in Cambridge. You will bring the following: Tableau, Power BI, Statistical Analysis, SQL, Snowflake, Stakeholder Management, dbt, Python, Forecasting. <p>We offer a competitive salary, hybrid working, and 25 days holiday.</p>",,,False,permanent,full_time,IT Jobs,2026-06-30T05:40:55.821713+00:00,https://example-jobs.invalid/job/361,senior data analyst,2026-07-01T18:40:55.821713+00:00
synthetic-00362,Analytics Engineer,Kestrel Insurance Group,"Remote, UK",Remote,"Kestrel Insurance Group is hiring a Analytics Engineer to help shape our data strategy. You will bring the following: Snowflake, Data Modeling, BigQuery, Airflow, Git, SQL, Python, dbt. <p>We offer a competitive salary, hybrid working, and 25 days holiday.</p>",,,False,contract,part_time,IT Jobs,2026-07-23T13:40:55.821713+00:00,https://example-jobs.invalid/job/362,analytics engineer,2026-07-23T19:40:55.821713+00:00
synthetic-00363,Data Scientist,Veridian Energy,"Remote, UK",Remote,"Exciting opportunity for a Data Scientist to make an impact at a fast-growing company based in Remote, UK. You will bring the following: Statistical Analysis, Machine Learning, scikit-learn, Python, SQL. This role offers excellent progression opportunities within a supportive team.",,,False,contract,part_time,IT Jobs,2026-06-26T09:40:55.821713+00:00,https://example-jobs.invalid/job/363,data scientist,2026-06-26T23:40:55.821713+00:00
synthetic-00364,Data Analyst - Crestline Media,Crestline Media,Manchester,North West England,"Exciting opportunity for a Data Analyst to make an impact at a fast-growing company based in Manchester. You will bring the following: A/B Testing, Stakeholder Management, Tableau, Statistical Analysis, SQL, Python, Excel, Power BI. Apply now via the link below to find out more &amp; join our team!",,,False,contract,part_time,IT Jobs,2026-06-21T09:40:55.821713+00:00,https://example-jobs.invalid/job/364,data analyst,2026-06-21T17:40:55.821713+00:00
synthetic-00365,Head of Data - Ferngate Health,Ferngate Health,Edinburgh,Scotland,Exciting opportunity for a Head of Data to make an impact at a fast-growing company based in Edinburgh. <p>Key skills and experience:</p><ul><li>Project Management</li><li>Stakeholder Management</li><li>Data Modeling</li><li>SQL</li></ul> Apply now via the link below to find out more &amp; join our team!,109500.0,128500.0,False,contract,part_time,IT Jobs,2026-06-25T18:40:55.821713+00:00,https://example-jobs.invalid/job/365,head of data,2026-06-26T22:40:55.821713+00:00
synthetic-00366,Head of Data,Orbital Logistics,Edinburgh,Scotland,"Exciting opportunity for a Head of Data to make an impact at a fast-growing company based in Edinburgh. <p>Key skills and experience:</p><ul><li>SQL</li><li>Stakeholder Management</li><li>Machine Learning</li><li>AWS</li><li>Project Management</li><li>Agile</li><li>Data Modeling</li></ul> <p>We offer a competitive salary, hybrid working, and 25 days holiday.</p>",,,False,contract,full_time,IT Jobs,2026-07-02T04:40:55.821713+00:00,https://example-jobs.invalid/job/366,head of data,2026-07-02T14:40:55.821713+00:00
synthetic-00367,Analytics Engineer - Solstice Bank,Solstice Bank,Glasgow,Scotland,"Solstice Bank is hiring a Analytics Engineer to help shape our data strategy. <p>Key skills and experience:</p><ul><li>dbt</li><li>Python</li><li>Snowflake</li><li>SQL</li><li>Data Modeling</li></ul> <p>We offer a competitive salary, hybrid working, and 25 days holiday.</p>",57300.0,67300.0,False,permanent,full_time,IT Jobs,2026-06-26T05:40:55.821713+00:00,https://example-jobs.invalid/job/367,analytics engineer,2026-06-27T04:40:55.821713+00:00
synthetic-00368,Senior Data Analyst - Kestrel Insurance Group,Kestrel Insurance Group,Cambridge,East of England,Kestrel Insurance Group is hiring a Senior Data Analyst to help shape our data strategy. <p>Key skills and experience:</p><ul><li>Stakeholder Management</li><li>Statistical Analysis</li><li>Python</li><li>Tableau</li><li>Power BI</li><li>dbt</li><li>SQL</li></ul> Apply now via the link below to find out more &amp; join our team!,40200.0,47200.0,False,contract,full_time,IT Jobs,2026-07-21T07:40:55.821713+00:00,https://example-jobs.invalid/job/368,senior data analyst,2026-07-21T19:40:55.821713+00:00
synthetic-00369,Machine Learning Engineer,Brightfield Analytics,Reading,South East England,"Exciting opportunity for a Machine Learning Engineer to make an impact at a fast-growing company based in Reading. You will bring the following: Docker, Machine Learning, Git, MLOps, Python, AWS. This role offers excellent progression opportunities within a supportive team.",,,False,contract,part_time,IT Jobs,2026-06-23T14:40:55.821713+00:00,https://example-jobs.invalid/job/369,machine learning engineer,2026-06-24T22:40:55.821713+00:00
synthetic-00370,Data Scientist,Kestrel Insurance Group,Manchester,North West England,We are looking for a Data Scientist to join our growing data team in Manchester. <p>Key skills and experience:</p><ul><li>Deep Learning</li><li>Statistical Analysis</li><li>SQL</li><li>scikit-learn</li><li>Python</li><li>Machine Learning</li></ul> This role offers excellent progression opportunities within a supportive team.,42500.0,49900.0,False,permanent,full_time,IT Jobs,2026-07-17T00:40:55.821713+00:00,https://example-jobs.invalid/job/370,data scientist,2026-07-18T17:40:55.821713+00:00
synthetic-00371,Data Scientist - Kestrel Insurance Group,Kestrel Insurance Group,Cambridge,East of England,"Exciting opportunity for a Data Scientist to make an impact at a fast-growing company based in Cambridge. You will bring the following: A/B Testing, Python, Deep Learning, scikit-learn, Statistical Analysis, TensorFlow, Machine Learning, SQL. <p>We offer a competitive salary, hybrid working, and 25 days holiday.</p>",60100.0,70600.0,False,contract,part_time,IT Jobs,2026-07-07T12:40:55.821713+00:00,https://example-jobs.invalid/job/371,data scientist,2026-07-08T10:40:55.821713+00:00
synthetic-00372,Business Intelligence Analyst,Hawksmoor Consulting,"Remote, UK",Remote,Hawksmoor Consulting is hiring a Business Intelligence Analyst to help shape our data strategy. <p>Key skills and experience:</p><ul><li>Power BI</li><li>Excel</li><li>SQL</li><li>Tableau</li><li>Qlik</li><li>Data Modeling</li></ul> This role offers excellent progression opportunities within a supportive team.,40600.0,47700.0,False,contract,full_time,IT Jobs,2026-07-28T05:40:55.821713+00:00,https://example-jobs.invalid/job/372,business intelligence analyst,2026-07-29T23:40:55.821713+00:00
synthetic-00373,Business Intelligence Analyst,Veridian Energy,"Remote, UK",Remote,"Exciting opportunity for a Business Intelligence Analyst to make an impact at a fast-growing company based in Remote, UK. <p>Key skills and experience:</p><ul><li>Qlik</li><li>Azure</li><li>Data Modeling</li><li>Excel</li><li>Power BI</li><li>SQL</li></ul> <p>We offer a competitive salary, hybrid working, and 25 days holiday.</p>",29600.0,34800.0,False,contract,full_time,IT Jobs,2026-06-24T16:40:55.821713+00:00,https://example-jobs.invalid/job/373,business intelligence analyst,2026-06-25T14:40:55.821713+00:00
synthetic-00374,Data Scientist,Orbital Logistics,Glasgow,Scotland,"We are looking for a Data Scientist to join our growing data team in Glasgow. <p>Key skills and experience:</p><ul><li>Statistical Analysis</li><li>TensorFlow</li><li>Deep Learning</li><li>Python</li><li>SQL</li><li>Machine Learning</li><li>scikit-learn</li></ul> <p>We offer a competitive salary, hybrid working, and 25 days holiday.</p>",,,False,permanent,full_time,IT Jobs,2026-07-26T00:40:55.821713+00:00,https://example-jobs.invalid/job/374,data scientist,2026-07-27T08:40:55.821713+00:00
synthetic-00375,Data Analyst,Willowmere Telecom,Birmingham,West Midlands,"We are looking for a Data Analyst to join our growing data team in Birmingham. You will bring the following: Python, Power BI, Tableau, A/B Testing, SQL, Statistical Analysis, Excel. <p>We offer a competitive salary, hybrid working, and 25 days holiday.</p>",,,False,permanent,part_time,IT Jobs,2026-07-01T05:40:55.821713+00:00,https://example-jobs.invalid/job/375,data analyst,2026-07-02T03:40:55.821713+00:00
synthetic-00376,Data Engineer,Hawksmoor Consulting,Reading,South East England,"We are looking for a Data Engineer to join our growing data team in Reading. You will bring the following: Airflow, ETL/ELT, Spark, Docker, CI/CD, Kafka, AWS, Python, dbt, Snowflake, Kubernetes, SQL. This role offers excellent progression opportunities within a supportive team.",44200.0,51900.0,False,permanent,part_time,IT Jobs,2026-06-29T22:40:55.821713+00:00,https://example-jobs.invalid/job/376,data engineer,2026-07-01T21:40:55.821713+00:00
synthetic-00377,Senior Data Scientist,Northbridge Data Co,Edinburgh,Scotland,Northbridge Data Co is hiring a Senior Data Scientist to help shape our data strategy. <p>Key skills and experience:</p><ul><li>Statistical Analysis</li><li>Deep Learning</li><li>scikit-learn</li><li>MLOps</li><li>Machine Learning</li><li>Python</li><li>SQL</li></ul> Apply now via the link below to find out more &amp; join our team!,74700.0,87700.0,False,permanent,part_time,IT Jobs,2026-07-06T02:40:55.821713+00:00,https://example-jobs.invalid/job/377,senior data scientist,2026-07-07T19:40:55.821713+00:00
synthetic-00378,Senior Data Engineer,Ironbridge Manufacturing,Edinburgh,Scotland,"Exciting opportunity for a Senior Data Engineer to make an impact at a fast-growing company based in Edinburgh. <p>Key skills and experience:</p><ul><li>Spark</li><li>Kubernetes</li><li>Airflow</li><li>Databricks</li><li>AWS</li><li>CI/CD</li><li>SQL</li><li>ETL/ELT</li><li>Python</li><li>Docker</li><li>Git</li></ul> <p>We offer a competitive salary, hybrid working, and 25 days holiday.</p>",59900.0,70400.0,False,permanent,full_time,IT Jobs,2026-07-07T12:40:55.821713+00:00,https://example-jobs.invalid/job/378,senior data engineer,2026-07-09T07:40:55.821713+00:00
synthetic-00379,Analytics Engineer,Orbital Logistics,Leeds,Yorkshire and the Humber,"Exciting opportunity for a Analytics Engineer to make an impact at a fast-growing company based in Leeds. You will bring the following: BigQuery, Snowflake, Airflow, dbt, Data Modeling, Python, SQL, Git. This role offers excellent progression opportunities within a supportive team.",,,False,contract,full_time,IT Jobs,2026-06-22T17:40:55.821713+00:00,https://example-jobs.invalid/job/379,analytics engineer,2026-06-23T22:40:55.821713+00:00
synthetic-00380,Data Scientist,Brightfield Analytics,Manchester,North West England,We are looking for a Data Scientist to join our growing data team in Manchester. <p>Key skills and experience:</p><ul><li>Deep Learning</li><li>Python</li><li>TensorFlow</li><li>A/B Testing</li><li>SQL</li><li>NLP</li><li>scikit-learn</li><li>Machine Learning</li><li>Statistical Analysis</li></ul> This role offers excellent progression opportunities within a supportive team.,,,False,permanent,full_time,IT Jobs,2026-07-17T04:40:55.821713+00:00,https://example-jobs.invalid/job/380,data scientist,2026-07-19T03:40:55.821713+00:00
synthetic-00381,Senior Data Scientist,Veridian Energy,Leeds,Yorkshire and the Humber,"Exciting opportunity for a Senior Data Scientist to make an impact at a fast-growing company based in Leeds. You will bring the following: PyTorch, Statistical Analysis, LLMs / GenAI, MLOps, Machine Learning, Deep Learning, SQL, Python, scikit-learn, NLP. This role offers excellent progression opportunities within a supportive team.",,,False,permanent,full_time,IT Jobs,2026-07-23T15:40:55.821713+00:00,https://example-jobs.invalid/job/381,senior data scientist,2026-07-24T16:40:55.821713+00:00
synthetic-00382,Senior Data Scientist,Hawksmoor Consulting,Reading,South East England,"We are looking for a Senior Data Scientist to join our growing data team in Reading. <p>Key skills and experience:</p><ul><li>Deep Learning</li><li>Statistical Analysis</li><li>scikit-learn</li><li>LLMs / GenAI</li><li>Machine Learning</li><li>Python</li><li>SQL</li></ul> <p>We offer a competitive salary, hybrid working, and 25 days holiday.</p>",59900.0,70400.0,False,contract,part_time,IT Jobs,2026-07-04T11:40:55.821713+00:00,https://example-jobs.invalid/job/382,senior data scientist,2026-07-05T11:40:55.821713+00:00
synthetic-00383,Data Scientist,Marlow Digital,"Remote, UK",Remote,"We are looking for a Data Scientist to join our growing data team in Remote, UK. You will bring the following: Python, SQL, Statistical Analysis, scikit-learn, TensorFlow, Machine Learning, NLP, A/B Testing. This role offers excellent progression opportunities within a supportive team.",,,False,permanent,full_time,IT Jobs,2026-07-24T15:40:55.821713+00:00,https://example-jobs.invalid/job/383,data scientist,2026-07-25T05:40:55.821713+00:00
synthetic-00384,Analytics Engineer,Willowmere Telecom,Birmingham,West Midlands,"Exciting opportunity for a Analytics Engineer to make an impact at a fast-growing company based in Birmingham. You will bring the following: dbt, Python, SQL, Snowflake, Data Modeling. <p>We offer a competitive salary, hybrid working, and 25 days holiday.</p>",55000.0,64600.0,False,contract,part_time,IT Jobs,2026-07-25T02:40:55.821713+00:00,https://example-jobs.invalid/job/384,analytics engineer,2026-07-25T22:40:55.821713+00:00
synthetic-00385,Business Intelligence Analyst - Ironbridge Manufacturing,Ironbridge Manufacturing,London,London,Exciting opportunity for a Business Intelligence Analyst to make an impact at a fast-growing company based in London. <p>Key skills and experience:</p><ul><li>Excel</li><li>Power BI</li><li>SQL</li><li>Data Modeling</li><li>Tableau</li></ul> This role offers excellent progression opportunities within a supportive team.,42200.0,49500.0,False,permanent,part_time,IT Jobs,2026-07-24T20:40:55.821713+00:00,https://example-jobs.invalid/job/385,business intelligence analyst,2026-07-25T19:40:55.821713+00:00
synthetic-00386,Business Intelligence Analyst,Solstice Bank,"Remote, UK",Remote,"Exciting opportunity for a Business Intelligence Analyst to make an impact at a fast-growing company based in Remote, UK. You will bring the following: Excel, Data Modeling, SQL, Power BI, Qlik, Azure, Tableau. <p>We offer a competitive salary, hybrid working, and 25 days holiday.</p>",,,False,contract,part_time,IT Jobs,2026-07-12T11:40:55.821713+00:00,https://example-jobs.invalid/job/386,business intelligence analyst,2026-07-14T03:40:55.821713+00:00
synthetic-00387,Senior Data Engineer,Ferngate Health,Glasgow,Scotland,"Ferngate Health is hiring a Senior Data Engineer to help shape our data strategy. You will bring the following: Git, CI/CD, Airflow, Kubernetes, Kafka, Docker, ETL/ELT, AWS, Python, Spark, SQL, Databricks. Apply now via the link below to find out more &amp; join our team!",77800.0,91300.0,False,permanent,full_time,IT Jobs,2026-07-31T10:40:55.821713+00:00,https://example-jobs.invalid/job/387,senior data engineer,2026-08-02T05:40:55.821713+00:00
synthetic-00388,Data Scientist,Palmer & Vance Retail,Bristol,South West England,"We are looking for a Data Scientist to join our growing data team in Bristol. You will bring the following: scikit-learn, Machine Learning, TensorFlow, Statistical Analysis, SQL, A/B Testing, Deep Learning, NLP, Python. Apply now via the link below to find out more &amp; join our team!",44000.0,51700.0,False,contract,full_time,IT Jobs,2026-07-27T10:40:55.821713+00:00,https://example-jobs.invalid/job/388,data scientist,2026-07-27T17:40:55.821713+00:00
synthetic-00389,Data Engineer,Ironbridge Manufacturing,Leeds,Yorkshire and the Humber,"We are looking for a Data Engineer to join our growing data team in Leeds. <p>Key skills and experience:</p><ul><li>Docker</li><li>AWS</li><li>Python</li><li>ETL/ELT</li><li>Spark</li><li>Airflow</li><li>SQL</li></ul> <p>We offer a competitive salary, hybrid working, and 25 days holiday.</p>",61100.0,71700.0,False,contract,part_time,IT Jobs,2026-07-26T03:40:55.821713+00:00,https://example-jobs.invalid/job/389,data engineer,2026-07-26T13:40:55.821713+00:00
synthetic-00390,Machine Learning Engineer - Brightfield Analytics,Brightfield Analytics,Manchester,North West England,We are looking for a Machine Learning Engineer to join our growing data team in Manchester. <p>Key skills and experience:</p><ul><li>Python</li><li>Docker</li><li>AWS</li><li>Machine Learning</li><li>Git</li><li>MLOps</li><li>PyTorch</li></ul> Apply now via the link below to find out more &amp; join our team!,58200.0,68400.0,False,permanent,full_time,IT Jobs,2026-07-06T11:40:55.821713+00:00,https://example-jobs.invalid/job/390,machine learning engineer,2026-07-07T18:40:55.821713+00:00
synthetic-00391,Data Scientist,Hawksmoor Consulting,Reading,South East England,Exciting opportunity for a Data Scientist to make an impact at a fast-growing company based in Reading. <p>Key skills and experience:</p><ul><li>Python</li><li>SQL</li><li>Statistical Analysis</li><li>scikit-learn</li><li>Machine Learning</li></ul> This role offers excellent progression opportunities within a supportive team.,46400.0,54500.0,False,permanent,part_time,IT Jobs,2026-07-23T02:40:55.821713+00:00,https://example-jobs.invalid/job/391,data scientist,2026-07-24T13:40:55.821713+00:00
synthetic-00392,Analytics Engineer,Brightfield Analytics,Cambridge,East of England,We are looking for a Analytics Engineer to join our growing data team in Cambridge. <p>Key skills and experience:</p><ul><li>dbt</li><li>SQL</li><li>Data Modeling</li><li>Python</li><li>Snowflake</li></ul> Apply now via the link below to find out more &amp; join our team!,59900.0,70400.0,False,permanent,part_time,IT Jobs,2026-07-15T16:40:55.821713+00:00,https://example-jobs.invalid/job/392,analytics engineer,2026-07-16T17:40:55.821713+00:00
synthetic-00393,Data Analyst,Thistledown Public Sector,Edinburgh,Scotland,"We are looking for a Data Analyst to join our growing data team in Edinburgh. You will bring the following: Statistical Analysis, Python, Excel, SQL, Power BI. Apply now via the link below to find out more &amp; join our team!",,,False,contract,part_time,IT Jobs,2026-07-18T18:40:55.821713+00:00,https://example-jobs.invalid/job/393,data analyst,2026-07-20T03:40:55.821713+00:00
synthetic-00394,Data Scientist - Solstice Bank,Solstice Bank,Cambridge,East of England,"We are looking for a Data Scientist to join our growing data team in Cambridge. You will bring the following: Python, scikit-learn, A/B Testing, Statistical Analysis, Machine Learning, SQL. <p>We offer a competitive salary, hybrid working, and 25 days holiday.</p>",,,False,permanent,full_time,IT Jobs,2026-07-31T18:40:55.821713+00:00,https://example-jobs.invalid/job/394,data scientist,2026-08-02T01:40:55.821713+00:00
synthetic-00395,Machine Learning Engineer - Willowmere Telecom,Willowmere Telecom,Reading,South East England,"Willowmere Telecom is hiring a Machine Learning Engineer to help shape our data strategy. You will bring the following: Git, TensorFlow, PyTorch, CI/CD, MLOps, AWS, Docker, Machine Learning, LLMs / GenAI, Python, Kubernetes. <p>We offer a competitive salary, hybrid working, and 25 days holiday.</p>",71500.0,84000.0,False,permanent,part_time,IT Jobs,2026-07-19T23:40:55.821713+00:00,https://example-jobs.invalid/job/395,machine learning engineer,2026-07-20T00:40:55.821713+00:00
synthetic-00396,Senior Data Scientist - Northbridge Data Co,Northbridge Data Co,Bristol,South West England,Northbridge Data Co is hiring a Senior Data Scientist to help shape our data strategy. <p>Key skills and experience:</p><ul><li>NLP</li><li>LLMs / GenAI</li><li>PyTorch</li><li>Machine Learning</li><li>scikit-learn</li><li>SQL</li><li>Deep Learning</li><li>Python</li><li>Statistical Analysis</li><li>MLOps</li></ul> Apply now via the link below to find out more &amp; join our team!,,,False,permanent,full_time,IT Jobs,2026-07-01T08:40:55.821713+00:00,https://example-jobs.invalid/job/396,senior data scientist,2026-07-02T20:40:55.821713+00:00
synthetic-00397,Head of Data,Thistledown Public Sector,Edinburgh,Scotland,"Thistledown Public Sector is hiring a Head of Data to help shape our data strategy. You will bring the following: SQL, Stakeholder Management, Data Modeling, Project Management. Apply now via the link below to find out more &amp; join our team!",112700.0,132300.0,False,contract,part_time,IT Jobs,2026-07-30T15:40:55.821713+00:00,https://example-jobs.invalid/job/397,head of data,2026-08-01T11:40:55.821713+00:00
synthetic-00398,Data Analyst - Veridian Energy,Veridian Energy,Glasgow,Scotland,"We are looking for a Data Analyst to join our growing data team in Glasgow. You will bring the following: SQL, Statistical Analysis, Excel, Python, Power BI. Apply now via the link below to find out more &amp; join our team!",37900.0,44400.0,False,contract,part_time,IT Jobs,2026-06-29T12:40:55.821713+00:00,https://example-jobs.invalid/job/398,data analyst,2026-07-01T11:40:55.821713+00:00
synthetic-00399,Analytics Engineer - Ferngate Health,Ferngate Health,Cambridge,East of England,"Ferngate Health is hiring a Analytics Engineer to help shape our data strategy. You will bring the following: Python, SQL, Data Modeling, dbt, Snowflake. This role offers excellent progression opportunities within a supportive team.",55500.0,65200.0,False,contract,part_time,IT Jobs,2026-07-05T11:40:55.821713+00:00,https://example-jobs.invalid/job/399,analytics engineer,2026-07-06T03:40:55.821713+00:00
